#
# A fatal error has been detected by the Java Runtime Environment:
#
#  SIGSEGV (0xb) at pc=0x00007f379bdd2d81, pid=52549, tid=52630
#
# JRE version: OpenJDK Runtime Environment (26.0+35) (build 26+35-2893)
# Java VM: OpenJDK 64-Bit Server VM (26+35-2893, mixed mode, sharing, tiered, compressed oops, compressed class ptrs, g1 gc, linux-amd64)
# Problematic frame:
# J 748 c2 java.lang.AbstractStringBuilder.append(Ljava/lang/String;)Ljava/lang/AbstractStringBuilder; java.base@26 (100 bytes) @ 0x00007f379bdd2d81 [0x00007f379bdd2b00+0x0000000000000281]
#
# Core dump will be written. Default location: Determined by the following: "/usr/lib/systemd/systemd-coredump %P %u %g %s %t %c %h %d %F" (alternatively, falling back to /home/vladislav/IdeaProjects/sender/core.52549)
#
# If you would like to submit a bug report, please visit:
#   https://bugreport.java.com/bugreport/crash.jsp
#

---------------  S U M M A R Y ------------

Command Line: --add-opens=java.base/java.lang=ALL-UNNAMED --add-opens=java.base/java.lang.invoke=ALL-UNNAMED --add-opens=java.base/java.util=ALL-UNNAMED --add-opens=java.prefs/java.util.prefs=ALL-UNNAMED --add-exports=jdk.compiler/com.sun.tools.javac.api=ALL-UNNAMED --add-exports=jdk.compiler/com.sun.tools.javac.util=ALL-UNNAMED --add-opens=java.base/java.nio.charset=ALL-UNNAMED --add-opens=java.base/java.net=ALL-UNNAMED --add-opens=java.base/java.util.concurrent=ALL-UNNAMED --add-opens=java.base/java.util.concurrent.atomic=ALL-UNNAMED --add-opens=java.xml/javax.xml.namespace=ALL-UNNAMED --add-opens=java.base/java.time=ALL-UNNAMED --enable-native-access=ALL-UNNAMED -XX:MaxMetaspaceSize=384m -XX:+HeapDumpOnOutOfMemoryError -Xms256m -Xmx512m -Dfile.encoding=UTF-8 -Duser.country=US -Duser.language=en -Duser.variant -javaagent:/home/vladislav/.gradle/wrapper/dists/gradle-9.5.1-bin/iq79hdu3mqx29lgffhp8bfmx/gradle-9.5.1/lib/agents/gradle-instrumentation-agent-9.5.1.jar org.gradle.launcher.daemon.bootstrap.GradleDaemon 9.5.1

Host: AMD Ryzen 7 4800H with Radeon Graphics, 16 cores, 15G, Arch Linux
Time: Fri May 29 15:10:33 2026 +05 elapsed time: 7.957198 seconds (0d 0h 0m 7s)

---------------  T H R E A D  ---------------

Current thread (0x00007f370ca3dd80):  JavaThread "Build operations Thread 14"        [_thread_in_Java, id=52630, stack(0x00007f3687dff000,0x00007f3687eff000) (1024K)]

Stack: [0x00007f3687dff000,0x00007f3687eff000],  sp=0x00007f3687efb880,  free space=1010k
Native frames: (J=compiled Java code, j=interpreted, Vv=VM code, C=native code)
J 748 c2 java.lang.AbstractStringBuilder.append(Ljava/lang/String;)Ljava/lang/AbstractStringBuilder; java.base@26 (100 bytes) @ 0x00007f379bdd2d81 [0x00007f379bdd2b00+0x0000000000000281]
C  0x00007f37729a6463
j  org.gradle.api.internal.runtimeshaded.RuntimeShadedJarCreator$1.run(Lorg/gradle/internal/operations/BuildOperationContext;)V+24
j  org.gradle.internal.operations.DefaultBuildOperationExecutor$$Lambda+0x00000000094a7170.execute(Lorg/gradle/internal/operations/BuildOperation;Lorg/gradle/internal/operations/BuildOperationContext;)V+5
j  org.gradle.internal.operations.DefaultBuildOperationRunner$2.execute(Lorg/gradle/internal/operations/BuildOperationDescriptor;Lorg/gradle/internal/operations/BuildOperationState;Lorg/gradle/internal/operations/BuildOperationState;Lorg/gradle/internal/operations/DefaultBuildOperationRunner$ReadableBuildOperationContext;Lorg/gradle/internal/operations/DefaultBuildOperationRunner$BuildOperationExecutionListener;)Lorg/gradle/internal/operations/BuildOperation;+22
j  org.gradle.internal.operations.DefaultBuildOperationRunner$2.execute(Lorg/gradle/internal/operations/BuildOperationDescriptor;Lorg/gradle/internal/operations/BuildOperationState;Lorg/gradle/internal/operations/BuildOperationState;Lorg/gradle/internal/operations/DefaultBuildOperationRunner$ReadableBuildOperationContext;Lorg/gradle/internal/operations/DefaultBuildOperationRunner$BuildOperationExecutionListener;)Ljava/lang/Object;+8
j  org.gradle.internal.operations.DefaultBuildOperationRunner.execute(Lorg/gradle/internal/operations/BuildOperationDescriptor$Builder;Lorg/gradle/internal/operations/DefaultBuildOperationRunner$BuildOperationExecution;)Ljava/lang/Object;+141
j  org.gradle.internal.operations.DefaultBuildOperationRunner.execute(Lorg/gradle/internal/operations/BuildOperation;Lorg/gradle/internal/operations/BuildOperationWorker;)V+17
j  org.gradle.internal.operations.DefaultBuildOperationExecutor.lambda$executeInParallel$0(Lorg/gradle/internal/operations/BuildOperationWorker;Lorg/gradle/internal/operations/BuildOperation;)V+6
j  org.gradle.internal.operations.DefaultBuildOperationExecutor$$Lambda+0x00000000094a79c0.execute(Lorg/gradle/internal/operations/BuildOperation;)V+9
j  org.gradle.internal.operations.DefaultBuildOperationQueue$WorkerRunnable.runOperation(Lorg/gradle/internal/operations/BuildOperation;)V+8
j  org.gradle.internal.operations.DefaultBuildOperationQueue$WorkerRunnable.doRunBatch()I+107
j  org.gradle.internal.operations.DefaultBuildOperationQueue$WorkerRunnable$$Lambda+0x00000000094ad790.create()Ljava/lang/Object;+4
j  org.gradle.internal.resources.AbstractResourceLockRegistry.whileDisallowingLockChanges(Lorg/gradle/internal/Factory;)Ljava/lang/Object;+17
j  org.gradle.internal.work.DefaultWorkerLeaseService.whileDisallowingProjectLockChanges(Lorg/gradle/internal/Factory;)Ljava/lang/Object;+8
j  org.gradle.internal.operations.DefaultBuildOperationQueue$WorkerRunnable.executePendingWork()I+28
j  org.gradle.internal.operations.DefaultBuildOperationQueue$WorkerRunnable$$Lambda+0x00000000094ab6f0.create()Ljava/lang/Object;+4
j  org.gradle.internal.work.DefaultWorkerLeaseService.lambda$runAndReleaseLocks$0(Lorg/gradle/internal/Factory;Ljava/util/Collection;)Ljava/lang/Object;+1
j  org.gradle.internal.work.DefaultWorkerLeaseService$$Lambda+0x00000000092a4478.create()Ljava/lang/Object;+12
j  org.gradle.internal.work.ResourceLockStatistics$1.measure(Ljava/lang/String;Ljava/lang/Iterable;Lorg/gradle/internal/Factory;)Ljava/lang/Object;+1
j  org.gradle.internal.work.DefaultWorkerLeaseService.runAndReleaseLocks(Ljava/util/Collection;Lorg/gradle/internal/Factory;)Ljava/lang/Object;+16
j  org.gradle.internal.work.DefaultWorkerLeaseService.tryRunAsWorkerThread(Lorg/gradle/internal/Factory;)Ljava/util/Optional;+69
j  org.gradle.internal.operations.DefaultBuildOperationQueue$WorkerRunnable.lambda$runBatchWithLeaseRetry$1()Lorg/gradle/internal/time/ExponentialBackoff$Result;+13
j  org.gradle.internal.operations.DefaultBuildOperationQueue$WorkerRunnable$$Lambda+0x00000000094a9ee0.run()Lorg/gradle/internal/time/ExponentialBackoff$Result;+4
j  org.gradle.internal.time.ExponentialBackoff.retryUntil(Lorg/gradle/internal/time/ExponentialBackoff$Query;)Ljava/lang/Object;+3
j  org.gradle.internal.operations.DefaultBuildOperationQueue$WorkerRunnable.runBatchWithLeaseRetry()I+14
j  org.gradle.internal.operations.DefaultBuildOperationQueue$WorkerRunnable.runBatch()V+14
j  org.gradle.internal.operations.DefaultBuildOperationQueue$WorkerRunnable.lambda$runOperations$0()V+8
j  org.gradle.internal.operations.DefaultBuildOperationQueue$WorkerRunnable$$Lambda+0x00000000094a93f0.run()V+4
j  org.gradle.internal.operations.CurrentBuildOperationRef.with(Lorg/gradle/internal/operations/BuildOperationRef;Ljava/lang/Runnable;)V+11
j  org.gradle.internal.operations.DefaultBuildOperationQueue$WorkerRunnable.runOperations()V+13
j  org.gradle.internal.operations.DefaultBuildOperationQueue$WorkerRunnable.run()V+17
j  org.gradle.internal.concurrent.ExecutorPolicy$CatchAndRecordFailures.onExecute(Ljava/lang/Runnable;)V+1
j  org.gradle.internal.concurrent.AbstractManagedExecutor$1.run()V+25
j  java.util.concurrent.ThreadPoolExecutor.runWorker(Ljava/util/concurrent/ThreadPoolExecutor$Worker;)V+92 java.base@26
j  java.util.concurrent.ThreadPoolExecutor$Worker.run()V+5 java.base@26
j  java.lang.Thread.runWith(Ljava/lang/Object;Ljava/lang/Runnable;)V+5 java.base@26
j  java.lang.Thread.run()V+19 java.base@26
v  ~StubRoutines::Stub Generator call_stub_stub 0x00007f379b6605a2
V  [libjvm.so+0x9e8b60]  JavaCalls::call_helper(JavaValue*, methodHandle const&, JavaCallArguments*, JavaThread*)+0x2b0
V  [libjvm.so+0x9ea4af]  JavaCalls::call_virtual(JavaValue*, Handle, Klass*, Symbol*, Symbol*, JavaThread*)+0x1df
V  [libjvm.so+0xadf78c]  thread_entry(JavaThread*, JavaThread*)+0x8c
V  [libjvm.so+0xa02868]  JavaThread::thread_main_inner() [clone .part.0]+0xb8
V  [libjvm.so+0x106219f]  Thread::call_run()+0x9f
V  [libjvm.so+0xe37826]  thread_native_entry(Thread*)+0xc6
C  [libc.so.6+0x981b9]

siginfo: si_signo: 11 (SIGSEGV), si_code: 1 (SEGV_MAPERR), si_addr: 0x0000000000ffb78c

Registers:
RAX=0x00000000ea1cbce0, RBX=0x00000000ea1cbce0, RCX=0x0000000000000000, RDX=0x00007f3760018760
RSP=0x00007f3687efb880, RBP=0x000000000000000b, RSI=0x00000000ea23fa00, RDI=0x0000000000ffb784
R8 =0x00000000ea1cbcf8, R9 =0x00000000ea1cbcb8, R10=0x0000000008000000, R11=0x00000000ea1cbcf4
R12=0x0000000000000000, R13=0x00000000ea1cbcf8, R14=0x00000000ea1cbc70, R15=0x00007f370ca3dd80
RIP=0x00007f379bdd2d81, EFLAGS=0x0000000000010202, CSGSFS=0x002b000000000033, ERR=0x0000000000000004
  TRAPNO=0x000000000000000e

XMM[0]=0x7265746e492f676e 0x616c2f6176616a4c
XMM[1]=0x0000000000000000 0x00000000ea1cbc98
XMM[2]=0x0c98f5818685ba9f 0x4a319941fc018edf
XMM[3]=0xee830681e1ddc99f 0x59db6a41e191dddf
XMM[4]=0x000e178101b4d89f 0x34e63b4167e12cdf
XMM[5]=0x357dd592e68bf038 0x9bc081626658e130
XMM[6]=0x3d27e098a58de4c1 0xecbf1419b39fb320
XMM[7]=0xa02f3992b627c345 0x3ab4a415c1bee3a4
XMM[8]=0xa15f1a942011e87e 0x03a66d94d34b24d5
XMM[9]=0xe8176392e8176392 0xe81763923182eedc
XMM[10]=0x0000000000000000 0x00000000496b8b4a
XMM[11]=0x7ee9f9187ee9f918 0x7ee9f918b06ce7f4
XMM[12]=0x0000000000000000 0x000000003182eedc
XMM[13]=0x0000000000000000 0x000000006f4aac20
XMM[14]=0x0000000000000000 0xccbead59e1d343ba
XMM[15]=0x0000000000000000 0x0000000000000000
  MXCSR=0x00001fa2


Register to memory mapping:

RAX=0x00000000ea1cbce0 is an oop: java.lang.String 
{0x00000000ea1cbce0} - klass: 'java/lang/String' - flags: 

 - string: "Ljava/lang/InterruptedException;"
 - ---- fields (total size 3 words):
 - private 'hash' 'I' @12  0 (0x00000000)
 - private final 'coder' 'B' @16  0 (0x00)
 - private 'hashIsZero' 'Z' @17  false (0x00)
 - injected 'flags' 'B' @18  0 (0x00)
 - private final 'value' '[B' @20  [B{0x00000000ea1cbcf8} (0xea1cbcf8)
RBX=0x00000000ea1cbce0 is an oop: java.lang.String 
{0x00000000ea1cbce0} - klass: 'java/lang/String' - flags: 

 - string: "Ljava/lang/InterruptedException;"
 - ---- fields (total size 3 words):
 - private 'hash' 'I' @12  0 (0x00000000)
 - private final 'coder' 'B' @16  0 (0x00)
 - private 'hashIsZero' 'Z' @17  false (0x00)
 - injected 'flags' 'B' @18  0 (0x00)
 - private final 'value' '[B' @20  [B{0x00000000ea1cbcf8} (0xea1cbcf8)
RCX=0x0 is null
RDX=0x00007f3760018760 is pointing into metadata
RSP=0x00007f3687efb880 is pointing into the stack for thread: 0x00007f370ca3dd80
RBP=0x000000000000000b is an unknown value
RSI=0x00000000ea23fa00 is an oop: org.objectweb.asm.SymbolTable 
{0x00000000ea23fa00} - klass: 'org/objectweb/asm/SymbolTable' - flags: 

 - ---- fields (total size 9 words):
 - private 'majorVersion' 'I' @12  50 (0x00000032)
 - private 'entryCount' 'I' @16  258 (0x00000102)
 - private 'constantPoolCount' 'I' @20  249 (0x000000f9)
 - private 'bootstrapMethodCount' 'I' @24  0 (0x00000000)
 - private 'typeCount' 'I' @28  10 (0x0000000a)
 - private 'labelCount' 'I' @32  0 (0x00000000)
 - final 'classWriter' 'Lorg/objectweb/asm/ClassWriter;' @36  a 'org/objectweb/asm/ClassWriter'{0x00000000ea23f968} (0xea23f968)
 - private final 'sourceClassReader' 'Lorg/objectweb/asm/ClassReader;' @40  null (0x00000000)
 - private 'className' 'Ljava/lang/String;' @44  "org/gradle/internal/impldep/org/apache/http/impl/execchain/MinimalClientExec"{0x00000000ea2403c8} (0xea2403c8)
 - private 'entries' '[Lorg/objectweb/asm/SymbolTable$Entry;' @48  a 'org/objectweb/asm/SymbolTable$Entry'[513] {0x00000000ea1c16e8} (0xea1c16e8)
 - private 'constantPool' 'Lorg/objectweb/asm/ByteVector;' @52  a 'org/objectweb/asm/ByteVector'{0x00000000ea23fe58} (0xea23fe58)
 - private 'bootstrapMethods' 'Lorg/objectweb/asm/ByteVector;' @56  null (0x00000000)
 - private 'typeTable' '[Lorg/objectweb/asm/SymbolTable$Entry;' @60  a 'org/objectweb/asm/SymbolTable$Entry'[16] {0x00000000ea24dca0} (0xea24dca0)
 - private 'labelTable' '[Lorg/objectweb/asm/SymbolTable$LabelEntry;' @64  null (0x00000000)
 - private 'labelEntries' '[Lorg/objectweb/asm/SymbolTable$LabelEntry;' @68  null (0x00000000)
RDI=0x0000000000ffb784 is an unknown value
R8 =0x00000000ea1cbcf8 is an oop: [B 
{0x00000000ea1cbcf8} - klass: {type array byte} - flags: is_cloneable_fast 

 - length: 32
 -   0: 4c L
 -   1: 6a j
 -   2: 61 a
 -   3: 76 v
 -   4: 61 a
 -   5: 2f /
 -   6: 6c l
 -   7: 61 a
 -   8: 6e n
 -   9: 67 g
 -  10: 2f /
 -  11: 49 I
 -  12: 6e n
 -  13: 74 t
 -  14: 65 e
 -  15: 72 r
 -  16: 72 r
 -  17: 75 u
 -  18: 70 p
 -  19: 74 t
 -  20: 65 e
 -  21: 64 d
 -  22: 45 E
 -  23: 78 x
 -  24: 63 c
 -  25: 65 e
 -  26: 70 p
 -  27: 74 t
 -  28: 69 i
 -  29: 6f o
 -  30: 6e n
 -  31: 3b ;
R9 =
[error occurred during error reporting (printing register info), id 0xb, SIGSEGV (0xb) at pc=0x00007f37b167fd1d]
R10=0x0000000008000000 points into nKlass protection zone
R11=
[error occurred during error reporting (printing register info, attempt 2), id 0xb, SIGSEGV (0xb) at pc=0x00007f37b167fd1d]
R12=0x0 is null
R13=0x00000000ea1cbcf8 is an oop: [B 
{0x00000000ea1cbcf8} - klass: {type array byte} - flags: is_cloneable_fast 

 - length: 32
 -   0: 4c L
 -   1: 6a j
 -   2: 61 a
 -   3: 76 v
 -   4: 61 a
 -   5: 2f /
 -   6: 6c l
 -   7: 61 a
 -   8: 6e n
 -   9: 67 g
 -  10: 2f /
 -  11: 49 I
 -  12: 6e n
 -  13: 74 t
 -  14: 65 e
 -  15: 72 r
 -  16: 72 r
 -  17: 75 u
 -  18: 70 p
 -  19: 74 t
 -  20: 65 e
 -  21: 64 d
 -  22: 45 E
 -  23: 78 x
 -  24: 63 c
 -  25: 65 e
 -  26: 70 p
 -  27: 74 t
 -  28: 69 i
 -  29: 6f o
 -  30: 6e n
 -  31: 3b ;
R14=0x00000000ea1cbc70 is an oop: java.lang.StringBuilder 
{0x00000000ea1cbc70} - klass: 'java/lang/StringBuilder' - flags: 

 - ---- fields (total size 3 words):
 - 'count' 'I' @12  32 (0x00000020)
 - 'coder' 'B' @16  0 (0x00)
 - 'maybeLatin1' 'Z' @17  false (0x00)
 - 'value' '[B' @20  [B{0x00000000ea1cbca8} (0xea1cbca8)
R15=0x00007f370ca3dd80 is a thread

Top of Stack: (sp=0x00007f3687efb880)
0x00007f3687efb880:   0000000000000047 00007f379bde9ac0   G...........7...
0x00007f3687efb890:   00007f3687efc9a0 00000000ea1cbca8   ....6...........
0x00007f3687efb8a0:   00000000ea23fa00 00000000ea1cbbe0   ..#.............
0x00007f3687efb8b0:   000000000000000b 00007f379477032c   ........,.w.7...
0x00007f3687efb8c0:   000000000000000b ea242d70ea1c6200   .........b..p-$.
0x00007f3687efb8d0:   0000000000000000 00007f379473c97c   ........|.s.7...
0x00007f3687efb8e0:   00007f3687efc9a0 00007f37729a6463   ....6...cd.r7...
0x00007f3687efb8f0:   00000000ea23fa00 ad0783780000000b   ..#.........x...
0x00007f3687efb900:   00007f3687efc9a0 00007f3794734974   ....6...tIs.7...
0x00007f3687efb910:   00000000ea1caa18 00000000ea1cab30   ........0.......
0x00007f3687efb920:   000000f5ea23fe58 00000000000000f6   X.#.............
0x00007f3687efb930:   00000000ea1bfaf0 00000000ea1c5d50   ........P]......
0x00007f3687efb940:   ea1caa18ea1cae98 00000000ea1cbc70   ........p.......
0x00007f3687efb950:   00000000ea23fa00 00000000ea1cbce0   ..#.............
0x00007f3687efb960:   00007f3687efc9a0 00007f379473eddc   ....6.....s.7...
0x00007f3687efb970:   000000000000000b 00007f37948058ec   .........X..7...
0x00007f3687efb980:   0000000000000064 00007f3700000022   d......."...7...
0x00007f3687efb990:   00000000ea1caa48 0000000400000003   H...............
0x00007f3687efb9a0:   00000000ea1cae98 0000000000000021   ........!.......
0x00007f3687efb9b0:   00000000ea23fa00 00000000ea23fa00   ..#.......#.....
0x00007f3687efb9c0:   00000000ffe3ccd0 00007f37948283ec   ............7...
0x00007f3687efb9d0:   000000000000000b 00007f379bf121cc   .........!..7...
0x00007f3687efb9e0:   ea1cb5a80000000a 000000000000000a   ................
0x00007f3687efb9f0:   000000000000000a 00000000ea1cb550   ........P.......
0x00007f3687efba00:   ea1cb5a800000006 ea23fa0000000001   ..............#.
0x00007f3687efba10:   0000000000000009 00000000ea1bfa10   ................
0x00007f3687efba20:   00000000ea1bfaf0 00000000ea1cb568   ........h.......
0x00007f3687efba30:   00000000ea1c0b38 00007f379473f2c4   8.........s.7...
0x00007f3687efba40:   00000000ea1caad8 0000000010000000   ................
0x00007f3687efba50:   0000000000000000 00007f379bf0fc08   ............7...
0x00007f3687efba60:   0000000100000005 0000000000000000   ................
0x00007f3687efba70:   00000000ea1cb550 0000000100000000   P...............

Instructions: (pc=0x00007f379bdd2d81)
  0x00007f379bdd2c81:   84 ea 02 00 00 4d 8d 40 10 3b e9 0f 8c 08 01 00
  0x00007f379bdd2c91:   00 48 8b cf 4c 89 5c 24 08 89 1c 24 41 8b da 41
  0x00007f379bdd2ca1:   8b e9 48 83 c0 f0 48 c1 e8 03 48 8b d0 49 8b f8
  0x00007f379bdd2cb1:   48 8b f1 c5 f8 77 49 ba 20 3b 69 9b 37 7f 00 00
  0x00007f379bdd2cc1:   41 ff d2 0f 1f 84 00 00 00 00 00 44 8b cd 44 8b
  0x00007f379bdd2cd1:   d3 8b 1c 24 4c 8b 5c 24 08 45 88 4e 10 41 0f be
  0x00007f379bdd2ce1:   6d 10 4d 8d 4e 14 41 80 7f 48 00 0f 85 72 05 00
  0x00007f379bdd2cf1:   00 49 8b cb 41 89 09 4d 8b c1 4d 33 c3 49 c1 e8
  0x00007f379bdd2d01:   14 74 15 4d 8b c1 49 c1 e8 09 4d 03 47 50 41 80
  0x00007f379bdd2d11:   38 ff 75 04 41 c6 00 00 49 8b d3 eb 09 48 85 f6
  0x00007f379bdd2d21:   0f 8c 85 03 00 00 41 3b ea 0f 85 e8 02 00 00 45
  0x00007f379bdd2d31:   8b 4d 14 45 8b 41 0c c4 e2 29 f7 6c 24 18 85 ed
  0x00007f379bdd2d41:   0f 8c ec 01 00 00 45 8d 1c 28 8b 4a 0c 41 3b cb
  0x00007f379bdd2d51:   0f 82 dc 01 00 00 45 85 c0 76 24 48 8d 74 2a 10
  0x00007f379bdd2d61:   49 63 d0 49 8d 79 10 c5 f8 77 49 ba a0 37 69 9b
  0x00007f379bdd2d71:   37 7f 00 00 41 ff d2 0f 1f 84 00 00 00 00 00 41
=>0x00007f379bdd2d81:   89 5e 0c 49 8b c6 c5 f8 77 48 83 c4 60 5d 49 3b
  0x00007f379bdd2d91:   67 28 0f 87 2d 05 00 00 c3 c4 c1 f9 6e c8 c4 e1
  0x00007f379bdd2da1:   f9 6e c7 89 5c 24 10 44 89 54 24 0c 44 89 4c 24
  0x00007f379bdd2db1:   08 48 63 d5 4c 8d 52 10 4d 8b c2 49 83 e0 f8 49
  0x00007f379bdd2dc1:   8b fb 49 03 f8 49 8b eb 49 c1 ea 03 49 2b f2 48
  0x00007f379bdd2dd1:   8b ce 48 33 c0 48 83 f9 08 7f 10 48 ff c9 78 4f
  0x00007f379bdd2de1:   48 89 04 cf 48 ff c9 7d f7 eb 44 c5 ed ef d2 e9
  0x00007f379bdd2df1:   0d 00 00 00 c5 fe 7f 17 c5 fe 7f 57 20 48 83 c7
  0x00007f379bdd2e01:   40 48 83 e9 08 7d ed 48 83 c1 04 7c 0c c5 fe 7f
  0x00007f379bdd2e11:   17 48 83 c7 20 48 83 e9 04 48 83 c1 04 7e 10 48
  0x00007f379bdd2e21:   ff c9 c5 f9 d6 17 48 83 c7 08 48 ff c9 7d f3 c4
  0x00007f379bdd2e31:   e1 f9 7e cf c4 e1 f9 7e c6 c5 f8 77 49 ba e0 36
  0x00007f379bdd2e41:   69 9b 37 7f 00 00 41 ff d2 0f 1f 84 00 00 00 00
  0x00007f379bdd2e51:   00 44 8b 4c 24 08 44 8b 54 24 0c 8b 5c 24 10 4c
  0x00007f379bdd2e61:   8b dd e9 72 fe ff ff 48 89 44 24 40 48 89 74 24
  0x00007f379bdd2e71:   38 89 4c 24 2c 48 89 54 24 30 89 5c 24 28 44 89


Stack slot to memory mapping:

stack at sp + 0 slots: 0x0000000000000047 is an unknown value
stack at sp + 1 slots: 0x00007f379bde9ac0 is at entry_point+446 in (nmethod*)0x00007f379bde9808
Compiled method (c2) 7977 1124       4       java.lang.String::substring (58 bytes)
 total in heap  [0x00007f379bde9808,0x00007f379bde9f48] = 1856
 main code      [0x00007f379bde9900,0x00007f379bde9f38] = 1592
 stub code      [0x00007f379bde9f38,0x00007f379bde9f40] = 8
 oops           [0x00007f379bde9f40,0x00007f379bde9f48] = 8
 mutable data [0x00007f3754159d70,0x00007f3754159e30] = 192
 relocation     [0x00007f3754159d70,0x00007f3754159dd0] = 96
 metadata       [0x00007f3754159dd0,0x00007f3754159e30] = 96
 immutable data [0x00007f3754159b00,0x00007f3754159d64] = 612
 dependencies   [0x00007f3754159b00,0x00007f3754159b18] = 24
 nul chk table  [0x00007f3754159b18,0x00007f3754159b28] = 16
 handler table  [0x00007f3754159b28,0x00007f3754159b70] = 72
 scopes pcs     [0x00007f3754159b70,0x00007f3754159c40] = 208
 scopes data    [0x00007f3754159c40,0x00007f3754159d60] = 288
0x00007f379bde9a76:   41 c7 45 08 d8 58 17 00 45 89 45 0c 0f 18 87 80
0x00007f379bde9a86:   01 00 00 4d 8b d5 49 83 c2 10 48 c1 e9 03 85 ed
0x00007f379bde9a96:   0f 84 89 02 00 00 48 63 d5 41 3b e8 0f 8c 13 01
0x00007f379bde9aa6:   00 00 4b 8d 7c 1e 10 49 8b f2 c5 f8 77 49 ba a0
0x00007f379bde9ab6:   37 69 9b 37 7f 00 00 41 ff d2 0f 1f 84 00 00 00
0x00007f379bde9ac6:   00 00 44 88 63 10 4c 8d 53 14 41 80 7f 48 00 0f
0x00007f379bde9ad6:   85 e9 03 00 00 4d 8b dd 45 89 1a 4d 8b c2 4d 33
0x00007f379bde9ae6:   c5 49 c1 e8 14 74 15 4d 8b c2 49 c1 e8 09 4d 03
0x00007f379bde9af6:   47 50 41 80 38 ff 75 04 41 c6 00 00 48 8b c3 c5
0x00007f379bde9b06:   f8 77 48 83 c4 40 5d 
stack at sp + 2 slots: 0x00007f3687efc9a0 is pointing into the stack for thread: 0x00007f370ca3dd80
stack at sp + 3 slots: 0x00000000ea1cbca8 is an oop: [B 
{0x00000000ea1cbca8} - klass: {type array byte} - flags: is_cloneable_fast 

 - length: 34
 -   0: 4c L
 -   1: 6a j
 -   2: 61 a
 -   3: 76 v
 -   4: 61 a
 -   5: 2f /
 -   6: 6c l
 -   7: 61 a
 -   8: 6e n
 -   9: 67 g
 -  10: 2f /
 -  11: 49 I
 -  12: 6e n
 -  13: 74 t
 -  14: 65 e
 -  15: 72 r
 -  16: 72 r
 -  17: 75 u
 -  18: 70 p
 -  19: 74 t
 -  20: 65 e
 -  21: 64 d
 -  22: 45 E
 -  23: 78 x
 -  24: 63 c
 -  25: 65 e
 -  26: 70 p
 -  27: 74 t
 -  28: 69 i
 -  29: 6f o
 -  30: 6e n
 -  31: 3b ;
 -  32: 0  
 -  33: 0  
stack at sp + 4 slots: 0x00000000ea23fa00 is an oop: org.objectweb.asm.SymbolTable 
{0x00000000ea23fa00} - klass: 'org/objectweb/asm/SymbolTable' - flags: 

 - ---- fields (total size 9 words):
 - private 'majorVersion' 'I' @12  50 (0x00000032)
 - private 'entryCount' 'I' @16  258 (0x00000102)
 - private 'constantPoolCount' 'I' @20  249 (0x000000f9)
 - private 'bootstrapMethodCount' 'I' @24  0 (0x00000000)
 - private 'typeCount' 'I' @28  10 (0x0000000a)
 - private 'labelCount' 'I' @32  0 (0x00000000)
 - final 'classWriter' 'Lorg/objectweb/asm/ClassWriter;' @36  a 'org/objectweb/asm/ClassWriter'{0x00000000ea23f968} (0xea23f968)
 - private final 'sourceClassReader' 'Lorg/objectweb/asm/ClassReader;' @40  null (0x00000000)
 - private 'className' 'Ljava/lang/String;' @44  "org/gradle/internal/impldep/org/apache/http/impl/execchain/MinimalClientExec"{0x00000000ea2403c8} (0xea2403c8)
 - private 'entries' '[Lorg/objectweb/asm/SymbolTable$Entry;' @48  a 'org/objectweb/asm/SymbolTable$Entry'[513] {0x00000000ea1c16e8} (0xea1c16e8)
 - private 'constantPool' 'Lorg/objectweb/asm/ByteVector;' @52  a 'org/objectweb/asm/ByteVector'{0x00000000ea23fe58} (0xea23fe58)
 - private 'bootstrapMethods' 'Lorg/objectweb/asm/ByteVector;' @56  null (0x00000000)
 - private 'typeTable' '[Lorg/objectweb/asm/SymbolTable$Entry;' @60  a 'org/objectweb/asm/SymbolTable$Entry'[16] {0x00000000ea24dca0} (0xea24dca0)
 - private 'labelTable' '[Lorg/objectweb/asm/SymbolTable$LabelEntry;' @64  null (0x00000000)
 - private 'labelEntries' '[Lorg/objectweb/asm/SymbolTable$LabelEntry;' @68  null (0x00000000)
stack at sp + 5 slots: 0x00000000ea1cbbe0 is an oop: java.lang.String 
{0x00000000ea1cbbe0} - klass: 'java/lang/String' - flags: 

 - string: "org/gradle/internal/impldep/org/apache/http/client/config/RequestConfig"
 - ---- fields (total size 3 words):
 - private 'hash' 'I' @12  -517519774 (0xe1274662)
 - private final 'coder' 'B' @16  0 (0x00)
 - private 'hashIsZero' 'Z' @17  false (0x00)
 - injected 'flags' 'B' @18  0 (0x00)
 - private final 'value' '[B' @20  [B{0x00000000ea1cbbf8} (0xea1cbbf8)
stack at sp + 6 slots: 0x000000000000000b is an unknown value
stack at sp + 7 slots: 0x00007f379477032c is at entry_point+1946 in (nmethod*)0x00007f379476fa88
Compiled method (c1) 7980 3502       3       org.objectweb.asm.Type::getDescriptor (73 bytes)
 total in heap  [0x00007f379476fa88,0x00007f3794770720] = 3224
 main code      [0x00007f379476fb80,0x00007f3794770680] = 2816
 stub code      [0x00007f3794770680,0x00007f3794770708] = 136
 oops           [0x00007f3794770708,0x00007f3794770720] = 24
 mutable data [0x00007f37486351a0,0x00007f37486352e0] = 320
 relocation     [0x00007f37486351a0,0x00007f37486352a8] = 264
 metadata       [0x00007f37486352a8,0x00007f37486352e0] = 56
 immutable data [0x00007f3748634f10,0x00007f374863518c] = 636
 dependencies   [0x00007f3748634f10,0x00007f3748634f20] = 16
 nul chk table  [0x00007f3748634f20,0x00007f3748634f40] = 32
 scopes pcs     [0x00007f3748634f40,0x00007f37486350b0] = 368
 scopes data    [0x00007f37486350b0,0x00007f3748635188] = 216
0x00007f37947702a8:   48 ba a8 88 17 08 00 00 00 00 49 8b 87 b0 01 00
0x00007f37947702b8:   00 48 8d 78 18 49 3b bf c0 01 00 00 0f 87 2f 03
0x00007f37947702c8:   00 00 49 89 bf b0 01 00 00 48 c7 00 01 00 00 00
0x00007f37947702d8:   48 8b ca 41 ba 00 00 00 08 49 2b ca 89 48 08 48
0x00007f37947702e8:   33 c9 89 48 0c 48 33 c9 48 89 48 10 48 8b d0 48
0x00007f37947702f8:   b9 88 5e 03 60 37 7f 00 00 48 83 81 28 01 00 00
0x00007f3794770308:   01 48 8b d3 48 b9 00 00 00 00 00 00 00 00 48 8b
0x00007f3794770318:   f0 48 89 84 24 98 00 00 00 66 0f 1f 44 00 00 e8
0x00007f3794770328:   e4 38 68 07 0f 1f 84 00 a4 08 00 05 48 8b b4 24
0x00007f3794770338:   98 00 00 00 48 8b c6 48 81 c4 b0 00 00 00 5d 

Lock stack of current Java thread (top to bottom):


Compiled method (c2) 7981  748       4       java.lang.AbstractStringBuilder::append (100 bytes)
 total in heap  [0x00007f379bdd2a08,0x00007f379bdd32f0] = 2280
 main code      [0x00007f379bdd2b00,0x00007f379bdd32e8] = 2024
 stub code      [0x00007f379bdd32e8,0x00007f379bdd32f0] = 8
 mutable data [0x00007f37541488f0,0x00007f37541489a8] = 184
 relocation     [0x00007f37541488f0,0x00007f3754148958] = 104
 metadata       [0x00007f3754148958,0x00007f37541489a8] = 80
 immutable data [0x00007f37541484d0,0x00007f37541488e4] = 1044
 dependencies   [0x00007f37541484d0,0x00007f37541484e8] = 24
 nul chk table  [0x00007f37541484e8,0x00007f3754148510] = 40
 handler table  [0x00007f3754148510,0x00007f3754148528] = 24
 scopes pcs     [0x00007f3754148528,0x00007f3754148638] = 272
 scopes data    [0x00007f3754148638,0x00007f37541488e0] = 680

[Constant Pool (empty)]


Loading hsdis library failed, undisassembled code is shown in MachCode section
[MachCode]
[Instructions begin]
  0x00007f379bdd2b00: 6690 448b | 5608 443b 

  0x00007f379bdd2b08: ;   {runtime_call Shared Runtime ic_miss_blob}
  0x00007f379bdd2b08: 5008 0f85 | d0ab 8dff 
[Verified Entry Point]
  0x00007f379bdd2b10: 8984 2400 | c0fe ff55 | 4883 ec60 | 4181 7f20 | 0300 0000 | 0f85 b207 | 0000 4c8b | d64c 8bea 
  0x00007f379bdd2b30: ; implicit exception: dispatches to 0x00007f379bdd3234
  0x00007f379bdd2b30: 448b 4214 

  0x00007f379bdd2b34: ; implicit exception: dispatches to 0x00007f379bdd31ec
  0x00007f379bdd2b34: 458b 580c | 4c8b f60f | be4e 100f | be6a 1044 | 8b56 0c44 | 8954 2418 | c442 52f7 | db44 895c 
  0x00007f379bdd2b54: 2448 448b | c944 0bcd | 448b 4614 | 450f bed1 | 413b ca0f | 856c 0400 | 0045 8b58 | 0c8b 5c24 
  0x00007f379bdd2b74: 4803 5c24 | 1849 63fb | 4863 d3c4 | e2a9 f7f2 | 498b d048 | 3bf7 0f8e | 8e01 0000 | c4c2 72f7 
  0x00007f379bdd2b94: fb8b eb2b | ef85 ed0f | 8e5f 0500 | 00c4 e229 | f7c3 412b | c3be 0200 | 0000 c4e2 | 29f7 ee41 
  0x00007f379bdd2bb4: 03eb 3be8 | 0f4c e841 | 03eb 8d75 | ff81 fef7 | ffff 7f0f | 8367 0500 | 0081 fdff | ffff 7f0f 
  0x00007f379bdd2bd4: 849b 0500 | 00c4 e22a | f7ed 3bef | 0f8e 9604 | 0000 c4e2 | 29f7 cd41 | 3bcb 0f84 | b405 0000 
  0x00007f379bdd2bf4: 443b d941 | 8beb 0f4f | e944 3bdd | 0f82 3a04 | 0000 3bcd 

  0x00007f379bdd2c08: ;   {other}
  0x00007f379bdd2c08: 0f82 3204 | 0000 8bf9 | 4863 f748 | 83c6 1748 | 8bc6 4883 | e0f8 81f9 | 0000 1000 | 0f87 3e02 
  0x00007f379bdd2c28: 0000 4d8b | 9fb0 0100 | 0049 8bfb | 4803 f849 | 3bbf c001 | 0000 0f83 | 2402 0000 | 4989 bfb0 
  0x00007f379bdd2c48: 0100 000f | 1887 0001 | 0000 49c7 | 0301 0000 | 000f 1887 | 4001 0000 

  0x00007f379bdd2c60: ;   {metadata({type array byte})}
  0x00007f379bdd2c60: 41c7 4308 | d858 1700 | 4189 4b0c | 0f18 8780 | 0100 0048 | c1ee 0349 | 8bfb 4883 | c710 85ed 
  0x00007f379bdd2c80: 0f84 ea02 | 0000 4d8d | 4010 3be9 | 0f8c 0801 | 0000 488b | cf4c 895c | 2408 891c | 2441 8bda 
  0x00007f379bdd2ca0: 418b e948 | 83c0 f048 | c1e8 0348 | 8bd0 498b | f848 8bf1 

  0x00007f379bdd2cb4: ;   {runtime_call Stub::Stub Generator jlong_disjoint_arraycopy_stub}
  0x00007f379bdd2cb4: c5f8 7749 | ba20 3b69 | 9b37 7f00 | 0041 ffd2 

  0x00007f379bdd2cc4: ;   {post_call_nop}
  0x00007f379bdd2cc4: 0f1f 8400 | 0000 0000 | 448b cd44 | 8bd3 8b1c | 244c 8b5c | 2408 4588 | 4e10 410f | be6d 104d 
  0x00007f379bdd2ce4: 8d4e 1441 | 807f 4800 | 0f85 7205 | 0000 498b | cb41 8909 | 4d8b c14d | 33c3 49c1 | e814 7415 
  0x00007f379bdd2d04: 4d8b c149 | c1e8 094d | 0347 5041 | 8038 ff75 | 0441 c600 | 0049 8bd3 | eb09 4885 | f60f 8c85 
  0x00007f379bdd2d24: 0300 0041 | 3bea 0f85 | e802 0000 | 458b 4d14 

  0x00007f379bdd2d34: ; implicit exception: dispatches to 0x00007f379bdd321c
  0x00007f379bdd2d34: 458b 410c | c4e2 29f7 | 6c24 1885 | ed0f 8cec | 0100 0045 | 8d1c 288b | 4a0c 413b | cb0f 82dc 
  0x00007f379bdd2d54: 0100 0045 | 85c0 7624 | 488d 742a | 1049 63d0 | 498d 7910 

  0x00007f379bdd2d68: ;   {runtime_call Stub::Stub Generator jbyte_arraycopy_stub}
  0x00007f379bdd2d68: c5f8 7749 | baa0 3769 | 9b37 7f00 | 0041 ffd2 

  0x00007f379bdd2d78: ;   {post_call_nop}
  0x00007f379bdd2d78: 0f1f 8400 | 0000 0000 | 4189 5e0c | 498b c6c5 | f877 4883 

  0x00007f379bdd2d8c: ;   {poll_return}
  0x00007f379bdd2d8c: c460 5d49 | 3b67 280f | 872d 0500 | 00c3 c4c1 | f96e c8c4 | e1f9 6ec7 | 895c 2410 | 4489 5424 
  0x00007f379bdd2dac: 0c44 894c | 2408 4863 | d54c 8d52 | 104d 8bc2 | 4983 e0f8 | 498b fb49 | 03f8 498b | eb49 c1ea 
  0x00007f379bdd2dcc: 0349 2bf2 | 488b ce48 | 33c0 4883 | f908 7f10 | 48ff c978 | 4f48 8904 | cf48 ffc9 | 7df7 eb44 
  0x00007f379bdd2dec: c5ed efd2 | e90d 0000 | 00c5 fe7f | 17c5 fe7f | 5720 4883 | c740 4883 | e908 7ded | 4883 c104 
  0x00007f379bdd2e0c: 7c0c c5fe | 7f17 4883 | c720 4883 | e904 4883 | c104 7e10 | 48ff c9c5 | f9d6 1748 | 83c7 0848 
  0x00007f379bdd2e2c: ffc9 7df3 | c4e1 f97e | cfc4 e1f9 | 7ec6 c5f8 

  0x00007f379bdd2e3c: ;   {runtime_call Stub::Stub Generator jbyte_disjoint_arraycopy_stub}
  0x00007f379bdd2e3c: 7749 bae0 | 3669 9b37 | 7f00 0041 

  0x00007f379bdd2e48: ;   {post_call_nop}
  0x00007f379bdd2e48: ffd2 0f1f | 8400 0000 | 0000 448b | 4c24 0844 | 8b54 240c | 8b5c 2410 | 4c8b dde9 | 72fe ffff 
  0x00007f379bdd2e68: 4889 4424 | 4048 8974 | 2438 894c | 242c 4889 | 5424 3089 | 5c24 2844 | 8954 2424 | 4489 4424 
  0x00007f379bdd2e88: 2044 894c | 241c 4889 | 4424 f88b | 4424 4889 | 4424 1448 | 8b44 24f8 | 4889 4424 | f88b 4424 
  0x00007f379bdd2ea8: 1889 4424 | 1048 8b44 | 24f8 4c89 | 7424 084c 

  0x00007f379bdd2eb8: ;   {metadata({type array byte})}
  0x00007f379bdd2eb8: 892c 2448 | bed8 5817 | 0800 0000 | 008b d190 

  0x00007f379bdd2ec8: ;   {runtime_call C2 Runtime new_array_nozero_blob}
  0x00007f379bdd2ec8: c5f8 77e8 

  0x00007f379bdd2ecc: ; ImmutableOopMap {[0]=Oop [8]=Oop [32]=NarrowOop [48]=Oop }
                      ;*newarray {reexecute=0 rethrow=0 return_oop=1}
                      ; - java.util.Arrays::copyOf@15 (line 3537)
                      ; - java.lang.AbstractStringBuilder::ensureCapacityNewCoder@100 (line 282)
                      ; - java.lang.AbstractStringBuilder::append@66 (line 650)
  0x00007f379bdd2ecc: 901b 9bff 

  0x00007f379bdd2ed0: ;   {post_call_nop}
  0x00007f379bdd2ed0: 0f1f 8400 | c804 0000 | 4c8b d84c | 8b2c 244c | 8b74 2408 | 4889 4424 | f88b 4424 | 1089 4424 
  0x00007f379bdd2ef0: 1848 8b44 | 24f8 4889 | 4424 f88b | 4424 1489 | 4424 4848 | 8b44 24f8 | 448b 4c24 | 1c44 8b44 
  0x00007f379bdd2f10: 2420 448b | 5424 248b | 5c24 2848 | 8b54 2430 | 8b4c 242c | 488b 7424 | 3848 8b44 | 2440 e940 
  0x00007f379bdd2f30: fdff ffbe | ccff ffff | 4c89 3424 | 4889 4424 | f88b 4424 | 1889 4424 | 0848 8b44 | 24f8 4489 
  0x00007f379bdd2f50: 4c24 1048 | 8954 2418 | 4489 4424 | 1466 6690 

  0x00007f379bdd2f60: ;   {runtime_call UncommonTrapBlob}
  0x00007f379bdd2f60: c5f8 77e8 

  0x00007f379bdd2f64: ; ImmutableOopMap {[0]=Oop [16]=NarrowOop [24]=Oop }
                      ;*invokestatic arraycopy {reexecute=0 rethrow=0 return_oop=0}
                      ; - java.lang.String::getBytes@22 (line 5084)
                      ; - java.lang.AbstractStringBuilder::append@87 (line 653)
  0x00007f379bdd2f64: f8fa 9aff 

  0x00007f379bdd2f68: ;   {post_call_nop}
  0x00007f379bdd2f68: 0f1f 8400 | 6005 0001 | 4883 c6fe | 488b ce48 | 33c0 4883 | f908 7f10 | 48ff c978 | 4f48 8904 
  0x00007f379bdd2f88: cf48 ffc9 | 7df7 eb44 | c5fd efc0 | e90d 0000 | 00c5 fe7f | 07c5 fe7f | 4720 4883 | c740 4883 
  0x00007f379bdd2fa8: e908 7ded | 4883 c104 | 7c0c c5fe | 7f07 4883 | c720 4883 | e904 4883 | c104 7e10 | 48ff c9c5 
  0x00007f379bdd2fc8: f9d6 0748 | 83c7 0848 | ffc9 7df3 | e901 fdff | ffbe 45ff | ffff 498b | ee48 8914 | 2448 8944 
  0x00007f379bdd2fe8: 24f8 8b44 | 2418 8944 | 240c 488b | 4424 f844 | 8944 2410 | 894c 241c | 4489 5424 | 2066 6690 
  0x00007f379bdd3008: ;   {runtime_call UncommonTrapBlob}
  0x00007f379bdd3008: c5f8 77e8 

  0x00007f379bdd300c: ; ImmutableOopMap {rbp=Oop [0]=Oop [16]=NarrowOop }
                      ;*if_icmpne {reexecute=1 rethrow=0 return_oop=0}
                      ; - (reexecute) java.lang.AbstractStringBuilder::needsNewBuffer@8 (line 250)
                      ; - java.lang.AbstractStringBuilder::append@49 (line 649)
  0x00007f379bdd300c: 50fa 9aff 

  0x00007f379bdd3010: ;   {post_call_nop}
  0x00007f379bdd3010: 0f1f 8400 | 0806 0002 | be45 ffff | ff4c 8934 | 244c 896c | 2408 4889 | 5424 2044 | 8954 241c 
  0x00007f379bdd3030: ;   {runtime_call UncommonTrapBlob}
  0x00007f379bdd3030: c5f8 77e8 

  0x00007f379bdd3034: ; ImmutableOopMap {[0]=Oop [8]=Oop [32]=Oop }
                      ;*if_icmpne {reexecute=1 rethrow=0 return_oop=0}
                      ; - (reexecute) java.lang.String::getBytes@5 (line 5083)
                      ; - java.lang.AbstractStringBuilder::append@87 (line 653)
  0x00007f379bdd3034: 28fa 9aff 

  0x00007f379bdd3038: ;   {post_call_nop}
  0x00007f379bdd3038: 0f1f 8400 | 3006 0003 | becc ffff | ff49 8bee | 4c89 2c24 | 4889 4424 | f88b 4424 | 1889 4424 
  0x00007f379bdd3058: 1048 8b44 | 24f8 4489 | 5424 1844 | 8944 241c | 894c 2424 

  0x00007f379bdd306c: ;   {runtime_call UncommonTrapBlob}
  0x00007f379bdd306c: c5f8 77e8 

  0x00007f379bdd3070: ; ImmutableOopMap {rbp=Oop [0]=Oop [28]=NarrowOop }
                      ;*newarray {reexecute=1 rethrow=0 return_oop=0}
                      ; - (reexecute) java.util.Arrays::copyOf@15 (line 3537)
                      ; - java.lang.AbstractStringBuilder::ensureCapacityNewCoder@100 (line 282)
                      ; - java.lang.AbstractStringBuilder::append@66 (line 650)
  0x00007f379bdd3070: ecf9 9aff 

  0x00007f379bdd3074: ;   {post_call_nop}
  0x00007f379bdd3074: 0f1f 8400 | 6c06 0004 | be45 ffff | ff4c 896c | 2408 4c89 | 7424 1044 | 8954 2420 | 4489 4424 
  0x00007f379bdd3094: 2489 7c24 | 2866 6690 

  0x00007f379bdd309c: ;   {runtime_call UncommonTrapBlob}
  0x00007f379bdd309c: c5f8 77e8 

  0x00007f379bdd30a0: ; ImmutableOopMap {[8]=Oop [16]=Oop [36]=NarrowOop }
                      ;*if_icmple {reexecute=1 rethrow=0 return_oop=0}
                      ; - (reexecute) java.lang.AbstractStringBuilder::ensureCapacityNewCoder@91 (line 280)
                      ; - java.lang.AbstractStringBuilder::append@66 (line 650)
  0x00007f379bdd30a0: bcf9 9aff 

  0x00007f379bdd30a4: ;   {post_call_nop}
  0x00007f379bdd30a4: 0f1f 8400 | 9c06 0005 | 4533 db4c | 3bde bdff | ffff ff7c | 0840 0f95 | c540 0fb6 | edbe 45ff 
  0x00007f379bdd30c4: ffff 4c89 | 3424 4c89 | 6c24 0889 | 4c24 1048 | 8944 24f8 | 8b44 2418 | 8944 2414 | 488b 4424 
  0x00007f379bdd30e4: f844 8944 | 2418 4489 | 5424 2090 

  0x00007f379bdd30f0: ;   {runtime_call UncommonTrapBlob}
  0x00007f379bdd30f0: c5f8 77e8 

  0x00007f379bdd30f4: ; ImmutableOopMap {[0]=Oop [8]=Oop [24]=NarrowOop }
                      ;*ifle {reexecute=1 rethrow=0 return_oop=0}
                      ; - (reexecute) java.lang.AbstractStringBuilder::needsNewBuffer@24 (line 250)
                      ; - java.lang.AbstractStringBuilder::append@49 (line 649)
  0x00007f379bdd30f4: 68f9 9aff 

  0x00007f379bdd30f8: ;   {post_call_nop}
  0x00007f379bdd30f8: 0f1f 8400 | f006 0006 | be45 ffff | ff4c 896c | 2408 4c89 | 7424 1044 | 8944 2424 | 894c 2428 
  0x00007f379bdd3118: 4489 5424 | 3089 7c24 | 3466 6690 

  0x00007f379bdd3124: ;   {runtime_call UncommonTrapBlob}
  0x00007f379bdd3124: c5f8 77e8 

  0x00007f379bdd3128: ; ImmutableOopMap {[8]=Oop [16]=Oop [36]=NarrowOop }
                      ;*ifgt {reexecute=1 rethrow=0 return_oop=0}
                      ; - (reexecute) java.lang.AbstractStringBuilder::ensureCapacityNewCoder@42 (line 274)
                      ; - java.lang.AbstractStringBuilder::append@66 (line 650)
  0x00007f379bdd3128: 34f9 9aff 

  0x00007f379bdd312c: ;   {post_call_nop}
  0x00007f379bdd312c: 0f1f 8400 | 2407 0007 | be3d ffff | ff4c 896c | 2408 4c89 | 7424 1044 | 8944 2424 | 894c 2428 
  0x00007f379bdd314c: 4489 5424 | 3089 7c24 | 3444 8954 | 2438 4489 | 5c24 3c89 | 4424 4090 

  0x00007f379bdd3164: ;   {runtime_call UncommonTrapBlob}
  0x00007f379bdd3164: c5f8 77e8 

  0x00007f379bdd3168: ; ImmutableOopMap {[8]=Oop [16]=Oop [36]=NarrowOop }
                      ;*if_icmpge {reexecute=1 rethrow=0 return_oop=0}
                      ; - (reexecute) jdk.internal.util.ArraysSupport::newLength@10 (line 903)
                      ; - java.lang.AbstractStringBuilder::newCapacity@22 (line 344)
                      ; - java.lang.AbstractStringBuilder::ensureCapacityNewCoder@54 (line 276)
                      ; - java.lang.AbstractStringBuilder::append@66 (line 650)
  0x00007f379bdd3168: f4f8 9aff 

  0x00007f379bdd316c: ;   {post_call_nop}
  0x00007f379bdd316c: 0f1f 8400 | 6407 0008 | be45 ffff | ff4c 896c | 2408 4c89 | 7424 1044 | 8944 2424 | 894c 2428 
  0x00007f379bdd318c: 4489 5424 | 3089 7c24 | 3466 6690 

  0x00007f379bdd3198: ;   {runtime_call UncommonTrapBlob}
  0x00007f379bdd3198: c5f8 77e8 

  0x00007f379bdd319c: ; ImmutableOopMap {[8]=Oop [16]=Oop [36]=NarrowOop }
                      ;*if_icmpne {reexecute=1 rethrow=0 return_oop=0}
                      ; - (reexecute) java.lang.AbstractStringBuilder::newCapacity@31 (line 345)
                      ; - java.lang.AbstractStringBuilder::ensureCapacityNewCoder@54 (line 276)
                      ; - java.lang.AbstractStringBuilder::append@66 (line 650)
  0x00007f379bdd319c: c0f8 9aff 

  0x00007f379bdd31a0: ;   {post_call_nop}
  0x00007f379bdd31a0: 0f1f 8400 | 9807 0009 | be45 ffff | ff49 8bee | 4c89 2c24 | 4889 4424 | f88b 4424 | 1889 4424 
  0x00007f379bdd31c0: 1048 8b44 | 24f8 4489 | 5424 1844 | 8944 241c | 894c 2420 | 4489 5c24 | 2466 6690 

  0x00007f379bdd31dc: ;   {runtime_call UncommonTrapBlob}
  0x00007f379bdd31dc: c5f8 77e8 

  0x00007f379bdd31e0: ; ImmutableOopMap {rbp=Oop [0]=Oop [28]=NarrowOop }
                      ;*if_icmpne {reexecute=1 rethrow=0 return_oop=0}
                      ; - (reexecute) java.util.Arrays::copyOf@3 (line 3534)
                      ; - java.lang.AbstractStringBuilder::ensureCapacityNewCoder@100 (line 282)
                      ; - java.lang.AbstractStringBuilder::append@66 (line 650)
  0x00007f379bdd31e0: 7cf8 9aff 

  0x00007f379bdd31e4: ;   {post_call_nop}
  0x00007f379bdd31e4: 0f1f 8400 | dc07 000a | bef6 ffff | ff66 6690 

  0x00007f379bdd31f4: ;   {runtime_call UncommonTrapBlob}
  0x00007f379bdd31f4: c5f8 77e8 

  0x00007f379bdd31f8: ; ImmutableOopMap {}
                      ;*arraylength {reexecute=0 rethrow=0 return_oop=0}
                      ; - java.lang.String::length@4 (line 1744)
                      ; - java.lang.AbstractStringBuilder::append@26 (line 647)
  0x00007f379bdd31f8: 64f8 9aff 

  0x00007f379bdd31fc: ;   {post_call_nop}
  0x00007f379bdd31fc: 0f1f 8400 | f407 000b | bef6 ffff | ff66 6690 

  0x00007f379bdd320c: ;   {runtime_call UncommonTrapBlob}
  0x00007f379bdd320c: c5f8 77e8 

  0x00007f379bdd3210: ; ImmutableOopMap {}
                      ;*arraylength {reexecute=0 rethrow=0 return_oop=0}
                      ; - java.lang.AbstractStringBuilder::needsNewBuffer@14 (line 250)
                      ; - java.lang.AbstractStringBuilder::append@49 (line 649)
  0x00007f379bdd3210: 4cf8 9aff 

  0x00007f379bdd3214: ;   {post_call_nop}
  0x00007f379bdd3214: 0f1f 8400 | 0c08 000c | bef6 ffff | ff66 6690 

  0x00007f379bdd3224: ;   {runtime_call UncommonTrapBlob}
  0x00007f379bdd3224: c5f8 77e8 

  0x00007f379bdd3228: ; ImmutableOopMap {}
                      ;*arraylength {reexecute=0 rethrow=0 return_oop=0}
                      ; - java.lang.String::getBytes@21 (line 5084)
                      ; - java.lang.AbstractStringBuilder::append@87 (line 653)
  0x00007f379bdd3228: 34f8 9aff 

  0x00007f379bdd322c: ;   {post_call_nop}
  0x00007f379bdd322c: 0f1f 8400 | 2408 000d | be45 ffff | ff49 8bea | 4889 5424 | 0866 6690 

  0x00007f379bdd3244: ;   {runtime_call UncommonTrapBlob}
  0x00007f379bdd3244: c5f8 77e8 

  0x00007f379bdd3248: ; ImmutableOopMap {rbp=Oop [8]=Oop }
                      ;*ifnonnull {reexecute=1 rethrow=0 return_oop=0}
                      ; - (reexecute) java.lang.AbstractStringBuilder::append@1 (line 641)
  0x00007f379bdd3248: 14f8 9aff 

  0x00007f379bdd324c: ;   {post_call_nop}
  0x00007f379bdd324c: 0f1f 8400 | 4408 000e | 488b f0c5 | f877 4883 

  0x00007f379bdd325c: ;   {runtime_call C2 Runtime rethrow_blob}
  0x00007f379bdd325c: c460 5de9 | fc5f 9bff | 418b 0948 | 85c9 0f84 | 82fa ffff | 4d8b 4738 | 4d85 c074 | 1449 83e8 
  0x00007f379bdd327c: 084d 8947 | 384d 0347 | 4049 8908 | e965 faff | ff48 83ec | 204c 8954 | 2418 4c89 | 5c24 104c 
  0x00007f379bdd329c: 894c 2408 | 488b f949 

  0x00007f379bdd32a4: ;   {runtime_call G1BarrierSetRuntime::write_ref_field_pre_entry(oopDesc*, JavaThread*)}
  0x00007f379bdd32a4: 8bf7 e855 | bc89 154c | 8b4c 2408 | 4c8b 5c24 | 104c 8b54 | 2418 c5f8 | 7748 83c4 | 20e9 2cfa 
  0x00007f379bdd32c4: ;   {internal_word}
  0x00007f379bdd32c4: ffff 49ba | 8f2d dd9b | 377f 0000 | 4d89 9710 

  0x00007f379bdd32d4: ;   {runtime_call SafepointBlob}
  0x00007f379bdd32d4: 0500 00e9 | 84c8 8dff 

  0x00007f379bdd32dc: ;   {runtime_call Stub::Stub Generator method_entry_barrier_stub}
  0x00007f379bdd32dc: e8ff 1a8c | ffe9 44f8 | ffff f4f4 
[Stub Code]
  0x00007f379bdd32e8: ;   {runtime_call DeoptimizationBlob}
  0x00007f379bdd32e8: e873 cb8d | ffeb f9f4 
[/MachCode]


---------------  P R O C E S S  ---------------

Threads class SMR info:
_java_thread_list=0x00007f3740300300, length=47, elements={
0x00007f37ac02db20, 0x00007f37ac1069f0, 0x00007f37ac1079f0, 0x00007f37ac108dc0,
0x00007f37ac10a610, 0x00007f37ac10be50, 0x00007f37ac10e0a0, 0x00007f37ac10fa60,
0x00007f3748045730, 0x00007f374c0196b0, 0x00007f37ac164f50, 0x00007f37ac1c1960,
0x00007f37ad9aac90, 0x00007f37ada18520, 0x00007f3724009d70, 0x00007f37ada74290,
0x00007f37240193d0, 0x00007f37100039d0, 0x00007f37100064b0, 0x00007f3710008a00,
0x00007f370c004860, 0x00007f370c00c6d0, 0x00007f370c015eb0, 0x00007f370c15cc30,
0x00007f370c162100, 0x00007f370c1a07b0, 0x00007f370c8499c0, 0x00007f370c84fd00,
0x00007f370c9053b0, 0x00007f370c90f220, 0x00007f370c9acbe0, 0x00007f370c9e5720,
0x00007f370c9e6bd0, 0x00007f370c9e7f50, 0x00007f370c9e92b0, 0x00007f370c9ea620,
0x00007f370c9eb8f0, 0x00007f370c9ecb30, 0x00007f370c9edf00, 0x00007f370c9ef690,
0x00007f370c9f0e20, 0x00007f370c9f23b0, 0x00007f370c9f3a00, 0x00007f370c9f4ba0,
0x00007f370ca3dd80, 0x00007f370ca3ebb0, 0x00007f37402ff070
}

Java Threads: ( => current thread )
  0x00007f37ac02db20 JavaThread "main"                              [_thread_blocked, id=52552, stack(0x00007f37b2832000,0x00007f37b2932000) (1024K)]
  0x00007f37ac1069f0 JavaThread "Reference Handler"          daemon [_thread_blocked, id=52565, stack(0x00007f3773f00000,0x00007f3774000000) (1024K)]
  0x00007f37ac1079f0 JavaThread "Finalizer"                  daemon [_thread_blocked, id=52566, stack(0x00007f37900f0000,0x00007f37901f0000) (1024K)]
  0x00007f37ac108dc0 JavaThread "Signal Dispatcher"          daemon [_thread_blocked, id=52567, stack(0x00007f3773900000,0x00007f3773a00000) (1024K)]
  0x00007f37ac10a610 JavaThread "Service Thread"             daemon [_thread_blocked, id=52568, stack(0x00007f37737ff000,0x00007f37738ff000) (1024K)]
  0x00007f37ac10be50 JavaThread "Monitor Deflation Thread"   daemon [_thread_blocked, id=52569, stack(0x00007f37736fe000,0x00007f37737fe000) (1024K)]
  0x00007f37ac10e0a0 JavaThread "C2 CompilerThread0"         daemon [_thread_blocked, id=52570, stack(0x00007f37735fd000,0x00007f37736fd000) (1024K)]
  0x00007f37ac10fa60 JavaThread "C1 CompilerThread0"         daemon [_thread_blocked, id=52571, stack(0x00007f37734fc000,0x00007f37735fc000) (1024K)]
  0x00007f3748045730 JavaThread "C1 CompilerThread1"         daemon [_thread_blocked, id=52572, stack(0x00007f37733fb000,0x00007f37734fb000) (1024K)]
  0x00007f374c0196b0 JavaThread "C1 CompilerThread2"         daemon [_thread_blocked, id=52573, stack(0x00007f37732fa000,0x00007f37733fa000) (1024K)]
  0x00007f37ac164f50 JavaThread "Common-Cleaner"             daemon [_thread_blocked, id=52574, stack(0x00007f37731f9000,0x00007f37732f9000) (1024K)]
  0x00007f37ac1c1960 JavaThread "Notification Thread"        daemon [_thread_blocked, id=52575, stack(0x00007f37730f8000,0x00007f37731f8000) (1024K)]
  0x00007f37ad9aac90 JavaThread "Daemon health stats"               [_thread_blocked, id=52588, stack(0x00007f37727fb000,0x00007f37728fb000) (1024K)]
  0x00007f37ada18520 JavaThread "Incoming local TCP Connector on port 43355"        [_thread_in_native, id=52589, stack(0x00007f37726fa000,0x00007f37727fa000) (1024K)]
  0x00007f3724009d70 JavaThread "InnocuousThread-1"          daemon [_thread_blocked, id=52590, stack(0x00007f37725f9000,0x00007f37726f9000) (1024K)]
  0x00007f37ada74290 JavaThread "Daemon periodic checks"            [_thread_blocked, id=52591, stack(0x00007f37724f8000,0x00007f37725f8000) (1024K)]
  0x00007f37240193d0 JavaThread "Daemon"                            [_thread_blocked, id=52592, stack(0x00007f37723f7000,0x00007f37724f7000) (1024K)]
  0x00007f37100039d0 JavaThread "Handler for socket connection from /127.0.0.1:43355 to /127.0.0.1:52760"        [_thread_in_native, id=52593, stack(0x00007f37722f6000,0x00007f37723f6000) (1024K)]
  0x00007f37100064b0 JavaThread "Cancel handler"                    [_thread_blocked, id=52594, stack(0x00007f37721f5000,0x00007f37722f5000) (1024K)]
  0x00007f3710008a00 JavaThread "Daemon worker"                     [_thread_blocked, id=52595, stack(0x00007f37720f4000,0x00007f37721f4000) (1024K)]
  0x00007f370c004860 JavaThread "Asynchronous log dispatcher for DefaultDaemonConnection: socket connection from /127.0.0.1:43355 to /127.0.0.1:52760"        [_thread_blocked, id=52596, stack(0x00007f3771ff3000,0x00007f37720f3000) (1024K)]
  0x00007f370c00c6d0 JavaThread "Stdin handler"                     [_thread_blocked, id=52597, stack(0x00007f3771ef2000,0x00007f3771ff2000) (1024K)]
  0x00007f370c015eb0 JavaThread "Daemon client event forwarder"        [_thread_blocked, id=52598, stack(0x00007f3771df1000,0x00007f3771ef1000) (1024K)]
  0x00007f370c15cc30 JavaThread "Cache worker for journal cache (/home/vladislav/.gradle/caches/journal-1)"        [_thread_blocked, id=52599, stack(0x00007f3771cf0000,0x00007f3771df0000) (1024K)]
  0x00007f370c162100 JavaThread "File lock request listener"        [_thread_in_native, id=52600, stack(0x00007f3771bef000,0x00007f3771cef000) (1024K)]
  0x00007f370c1a07b0 JavaThread "Cache worker for file hash cache (/home/vladislav/.gradle/caches/9.5.1/fileHashes)"        [_thread_blocked, id=52602, stack(0x00007f3771aee000,0x00007f3771bee000) (1024K)]
  0x00007f370c8499c0 JavaThread "Cache worker for file hash cache (/home/vladislav/IdeaProjects/sender/.gradle/9.5.1/fileHashes)"        [_thread_blocked, id=52612, stack(0x00007f37710e4000,0x00007f37711e4000) (1024K)]
  0x00007f370c84fd00 JavaThread "Cache worker for Build Output Cleanup Cache (/home/vladislav/IdeaProjects/sender/.gradle/buildOutputCleanup)"        [_thread_blocked, id=52613, stack(0x00007f3770fe3000,0x00007f37710e3000) (1024K)]
  0x00007f370c9053b0 JavaThread "File watcher server"        daemon [_thread_in_native, id=52614, stack(0x00007f3770ee2000,0x00007f3770fe2000) (1024K)]
  0x00007f370c90f220 JavaThread "File watcher consumer"      daemon [_thread_blocked, id=52615, stack(0x00007f3770de1000,0x00007f3770ee1000) (1024K)]
  0x00007f370c9acbe0 JavaThread "shaded jar writer"          daemon [_thread_blocked, id=52616, stack(0x00007f3770ce0000,0x00007f3770de0000) (1024K)]
  0x00007f370c9e5720 JavaThread "Build operations"                  [_thread_blocked, id=52617, stack(0x00007f3770bdf000,0x00007f3770cdf000) (1024K)]
  0x00007f370c9e6bd0 JavaThread "Build operations Thread 2"         [_thread_blocked, id=52618, stack(0x00007f3770ade000,0x00007f3770bde000) (1024K)]
  0x00007f370c9e7f50 JavaThread "Build operations Thread 3"         [_thread_blocked, id=52619, stack(0x00007f37709dd000,0x00007f3770add000) (1024K)]
  0x00007f370c9e92b0 JavaThread "Build operations Thread 4"         [_thread_blocked, id=52620, stack(0x00007f37708dc000,0x00007f37709dc000) (1024K)]
  0x00007f370c9ea620 JavaThread "Build operations Thread 5"         [_thread_in_Java, id=52621, stack(0x00007f37707db000,0x00007f37708db000) (1024K)]
  0x00007f370c9eb8f0 JavaThread "Build operations Thread 6"         [_thread_blocked, id=52622, stack(0x00007f37706da000,0x00007f37707da000) (1024K)]
  0x00007f370c9ecb30 JavaThread "Build operations Thread 7"         [_thread_in_Java, id=52623, stack(0x00007f37705d9000,0x00007f37706d9000) (1024K)]
  0x00007f370c9edf00 JavaThread "Build operations Thread 8"         [_thread_blocked, id=52624, stack(0x00007f37704d8000,0x00007f37705d8000) (1024K)]
  0x00007f370c9ef690 JavaThread "Build operations Thread 9"         [_thread_blocked, id=52625, stack(0x00007f37703d7000,0x00007f37704d7000) (1024K)]
  0x00007f370c9f0e20 JavaThread "Build operations Thread 10"        [_thread_blocked, id=52626, stack(0x00007f37702d6000,0x00007f37703d6000) (1024K)]
  0x00007f370c9f23b0 JavaThread "Build operations Thread 11"        [_thread_blocked, id=52627, stack(0x00007f37701d5000,0x00007f37702d5000) (1024K)]
  0x00007f370c9f3a00 JavaThread "Build operations Thread 12"        [_thread_blocked, id=52628, stack(0x00007f37700d4000,0x00007f37701d4000) (1024K)]
  0x00007f370c9f4ba0 JavaThread "Build operations Thread 13"        [_thread_in_Java, id=52629, stack(0x00007f3687f00000,0x00007f3688000000) (1024K)]
=>0x00007f370ca3dd80 JavaThread "Build operations Thread 14"        [_thread_in_Java, id=52630, stack(0x00007f3687dff000,0x00007f3687eff000) (1024K)]
  0x00007f370ca3ebb0 JavaThread "Build operations Thread 15"        [_thread_blocked, id=52631, stack(0x00007f3687cfe000,0x00007f3687dfe000) (1024K)]
  0x00007f37402ff070 JavaThread "C2 CompilerThread1"         daemon [_thread_blocked, id=52635, stack(0x00007f3687bfd000,0x00007f3687cfd000) (1024K)]
Total: 47

Other Threads:
  0x00007f37ac0fdd20 VMThread "VM Thread"                           [id=52564, stack(0x00007f3773cfe000,0x00007f3773dfe000) (1024K)] _threads_hazard_ptr=0x00007f3740300300
  0x00007f37ac0ec2e0 WatcherThread "VM Periodic Task Thread"        [id=52563, stack(0x00007f3773dff000,0x00007f3773eff000) (1024K)]
  0x00007f37ac059050 WorkerThread "GC Thread#0"                     [id=52553, stack(0x00007f3793500000,0x00007f3793600000) (1024K)]
  0x00007f37680090a0 WorkerThread "GC Thread#1"                     [id=52576, stack(0x00007f3772d00000,0x00007f3772e00000) (1024K)]
  0x00007f3768009da0 WorkerThread "GC Thread#2"                     [id=52577, stack(0x00007f3772bff000,0x00007f3772cff000) (1024K)]
  0x00007f376800aaa0 WorkerThread "GC Thread#3"                     [id=52578, stack(0x00007f3772afe000,0x00007f3772bfe000) (1024K)]
  0x00007f376800b7a0 WorkerThread "GC Thread#4"                     [id=52579, stack(0x00007f37729fd000,0x00007f3772afd000) (1024K)]
  0x00007f376800c4a0 WorkerThread "GC Thread#5"                     [id=52580, stack(0x00007f37728fc000,0x00007f37729fc000) (1024K)]
  0x00007f376800f2c0 WorkerThread "GC Thread#6"                     [id=52603, stack(0x00007f37719ed000,0x00007f3771aed000) (1024K)]
  0x00007f3768011200 WorkerThread "GC Thread#7"                     [id=52604, stack(0x00007f37718ec000,0x00007f37719ec000) (1024K)]
  0x00007f37680119e0 WorkerThread "GC Thread#8"                     [id=52605, stack(0x00007f37717eb000,0x00007f37718eb000) (1024K)]
  0x00007f37680126e0 WorkerThread "GC Thread#9"                     [id=52606, stack(0x00007f37716ea000,0x00007f37717ea000) (1024K)]
  0x00007f37680133e0 WorkerThread "GC Thread#10"                    [id=52607, stack(0x00007f37715e9000,0x00007f37716e9000) (1024K)]
  0x00007f37680144e0 WorkerThread "GC Thread#11"                    [id=52608, stack(0x00007f37714e8000,0x00007f37715e8000) (1024K)]
  0x00007f37680155e0 WorkerThread "GC Thread#12"                    [id=52609, stack(0x00007f37713e7000,0x00007f37714e7000) (1024K)]
  0x00007f37ac0607e0 ConcurrentGCThread "G1 Main Marker"            [id=52554, stack(0x00007f37933ff000,0x00007f37934ff000) (1024K)]
  0x00007f37ac061890 WorkerThread "G1 Conc#0"                       [id=52555, stack(0x00007f37932fe000,0x00007f37933fe000) (1024K)]
  0x00007f3784000ce0 WorkerThread "G1 Conc#1"                       [id=52610, stack(0x00007f37712e6000,0x00007f37713e6000) (1024K)]
  0x00007f37840019f0 WorkerThread "G1 Conc#2"                       [id=52611, stack(0x00007f37711e5000,0x00007f37712e5000) (1024K)]
  0x00007f37ac0de080 WorkerThread "G1 Refinement Workers#0"         [id=52557, stack(0x00007f37902f2000,0x00007f37903f2000) (1024K)]
  0x00007f37ac0dce30 ConcurrentGCThread "G1 Refine Control"         [id=52556, stack(0x00007f37903f3000,0x00007f37904f3000) (1024K)]
  0x00007f37ac0df170 ConcurrentGCThread "G1 Service"                [id=52558, stack(0x00007f37901f1000,0x00007f37902f1000) (1024K)]
Total: 22

Threads with active compile tasks:
C2 CompilerThread0  7992 4575       4       org.objectweb.asm.ClassReader::readMethod (1070 bytes)
C2 CompilerThread1  7992 4819 %     4       org.objectweb.asm.ClassReader::readCode @ 1561 (5117 bytes)
Total: 2

VM state: synchronizing (normal execution)

VM Mutex/Monitor currently owned by a thread:  ([mutex/lock_event])
[0x00007f37b240efe8] Threads_lock - owner thread: 0x00007f37ac0fdd20
[0x00007f37b240ed68] Heap_lock - owner thread: 0x00007f370c9f0e20

Heap address: 0x00000000e0000000, size: 512 MB, Compressed Oops mode: 32-bit

CDS archive(s) mapped at: [0x0000000008000000-0x0000000008da6000-0x0000000008da6000), size 14311424, SharedBaseAddress: 0x0000000008000000, ArchiveRelocationMode: 1.
Compressed class space mapped at: 0x0000000009000000-0x000000001d000000, reserved size: 335544320
UseCompressedClassPointers 1, UseCompactObjectHeaders 0
Narrow klass pointer bits 32, Max shift 3
Narrow klass base: 0x0000000008000000, Narrow klass shift: 0
Encoding Range: [0x0000000008000000 - 0x0000000108000000), (4294967296 bytes)
Klass Range:    [0x0000000008000000 - 0x000000001d000000), (352321536 bytes)
Klass ID Range:  [8 - 352321529) (352321521)
Protection zone: [0x0000000008000000 - 0x0000000008001000), (4096 bytes)

GC Precious Log:
 CardTable entry size: 512
 Card Set container configuration: InlinePtr #cards 5 size 8 Array Of Cards #cards 10 size 36 Howl #buckets 4 coarsen threshold 1843 Howl Bitmap #cards 512 size 80 coarsen threshold 460 Card regions per heap region 1 cards per card region 2048
 CPUs: 16 total, 16 available
 Memory: 15397M
 Large Page Support: Disabled
 NUMA Support: Disabled
 Compressed Oops: Enabled (32-bit)
 Heap Region Size: 1M
 Heap Min Capacity: 256M
 Heap Initial Capacity: 256M
 Heap Max Capacity: 512M
 Pre-touch: Disabled
 Parallel Workers: 13
 Concurrent Workers: 3
 Concurrent Refinement Workers: 13
 Periodic GC: Disabled

Heap:
 garbage-first heap   total reserved 524288K, committed 274432K, used 253643K [0x00000000e0000000, 0x0000000100000000)
  region size 1M, 140 eden (140M), 14 survivor (14M), 89 old (89M), 7 humongous (7M), 18 free (18M)

Heap Regions: E=young(eden), S=young(survivor), O=old, HS=humongous(starts), HC=humongous(continues), CS=collection set, F=free, TAMS=top-at-mark-start, PB=parsable bottom
|    0|0x00000000e0000000, 0x00000000e0100000, 0x00000000e0100000|100%|HS|  |TAMS 0x00000000e0000000| PB 0x00000000e0000000| Complete  |  0
|    1|0x00000000e0100000, 0x00000000e0200000, 0x00000000e0200000|100%|HC|  |TAMS 0x00000000e0100000| PB 0x00000000e0100000| Complete  |  0
|    2|0x00000000e0200000, 0x00000000e0300000, 0x00000000e0300000|100%|HC|  |TAMS 0x00000000e0200000| PB 0x00000000e0200000| Complete  |  0
|    3|0x00000000e0300000, 0x00000000e0400000, 0x00000000e0400000|100%|HC|  |TAMS 0x00000000e0300000| PB 0x00000000e0300000| Complete  |  0
|    4|0x00000000e0400000, 0x00000000e0500000, 0x00000000e0500000|100%|HS|  |TAMS 0x00000000e0400000| PB 0x00000000e0400000| Complete  |  0
|    5|0x00000000e0500000, 0x00000000e0600000, 0x00000000e0600000|100%| O|  |TAMS 0x00000000e0500000| PB 0x00000000e0500000| Untracked |  0
|    6|0x00000000e0600000, 0x00000000e0700000, 0x00000000e0700000|100%| O|  |TAMS 0x00000000e0600000| PB 0x00000000e0600000| Untracked |  0
|    7|0x00000000e0700000, 0x00000000e0800000, 0x00000000e0800000|100%| O|  |TAMS 0x00000000e0700000| PB 0x00000000e0700000| Untracked |  0
|    8|0x00000000e0800000, 0x00000000e0900000, 0x00000000e0900000|100%| O|  |TAMS 0x00000000e0800000| PB 0x00000000e0800000| Untracked |  0
|    9|0x00000000e0900000, 0x00000000e0a00000, 0x00000000e0a00000|100%| O|  |TAMS 0x00000000e0900000| PB 0x00000000e0900000| Untracked |  0
|   10|0x00000000e0a00000, 0x00000000e0b00000, 0x00000000e0b00000|100%| O|  |TAMS 0x00000000e0a00000| PB 0x00000000e0a00000| Untracked |  0
|   11|0x00000000e0b00000, 0x00000000e0c00000, 0x00000000e0c00000|100%| O|  |TAMS 0x00000000e0b00000| PB 0x00000000e0b00000| Untracked |  0
|   12|0x00000000e0c00000, 0x00000000e0d00000, 0x00000000e0d00000|100%| O|  |TAMS 0x00000000e0c00000| PB 0x00000000e0c00000| Untracked |  0
|   13|0x00000000e0d00000, 0x00000000e0e00000, 0x00000000e0e00000|100%| O|  |TAMS 0x00000000e0d00000| PB 0x00000000e0d00000| Untracked |  0
|   14|0x00000000e0e00000, 0x00000000e0f00000, 0x00000000e0f00000|100%| O|  |TAMS 0x00000000e0e00000| PB 0x00000000e0e00000| Untracked |  0
|   15|0x00000000e0f00000, 0x00000000e1000000, 0x00000000e1000000|100%| O|  |TAMS 0x00000000e0f00000| PB 0x00000000e0f00000| Untracked |  0
|   16|0x00000000e1000000, 0x00000000e1100000, 0x00000000e1100000|100%| O|  |TAMS 0x00000000e1000000| PB 0x00000000e1000000| Untracked |  0
|   17|0x00000000e1100000, 0x00000000e1200000, 0x00000000e1200000|100%| O|  |TAMS 0x00000000e1100000| PB 0x00000000e1100000| Untracked |  0
|   18|0x00000000e1200000, 0x00000000e1300000, 0x00000000e1300000|100%| O|  |TAMS 0x00000000e1200000| PB 0x00000000e1200000| Untracked |  0
|   19|0x00000000e1300000, 0x00000000e1400000, 0x00000000e1400000|100%| O|  |TAMS 0x00000000e1300000| PB 0x00000000e1300000| Untracked |  0
|   20|0x00000000e1400000, 0x00000000e1500000, 0x00000000e1500000|100%| O|  |TAMS 0x00000000e1400000| PB 0x00000000e1400000| Untracked |  0
|   21|0x00000000e1500000, 0x00000000e1600000, 0x00000000e1600000|100%| O|  |TAMS 0x00000000e1500000| PB 0x00000000e1500000| Untracked |  0
|   22|0x00000000e1600000, 0x00000000e1700000, 0x00000000e1700000|100%| O|  |TAMS 0x00000000e1600000| PB 0x00000000e1600000| Untracked |  0
|   23|0x00000000e1700000, 0x00000000e1800000, 0x00000000e1800000|100%| O|  |TAMS 0x00000000e1700000| PB 0x00000000e1700000| Untracked |  0
|   24|0x00000000e1800000, 0x00000000e1900000, 0x00000000e1900000|100%| O|  |TAMS 0x00000000e1800000| PB 0x00000000e1800000| Untracked |  0
|   25|0x00000000e1900000, 0x00000000e1a00000, 0x00000000e1a00000|100%| O|  |TAMS 0x00000000e1900000| PB 0x00000000e1900000| Untracked |  0
|   26|0x00000000e1a00000, 0x00000000e1b00000, 0x00000000e1b00000|100%| O|  |TAMS 0x00000000e1a00000| PB 0x00000000e1a00000| Untracked |  0
|   27|0x00000000e1b00000, 0x00000000e1c00000, 0x00000000e1c00000|100%| O|  |TAMS 0x00000000e1b00000| PB 0x00000000e1b00000| Untracked |  0
|   28|0x00000000e1c00000, 0x00000000e1d00000, 0x00000000e1d00000|100%| O|  |TAMS 0x00000000e1c00000| PB 0x00000000e1c00000| Untracked |  0
|   29|0x00000000e1d00000, 0x00000000e1e00000, 0x00000000e1e00000|100%| O|  |TAMS 0x00000000e1d00000| PB 0x00000000e1d00000| Untracked |  0
|   30|0x00000000e1e00000, 0x00000000e1f00000, 0x00000000e1f00000|100%| O|  |TAMS 0x00000000e1e00000| PB 0x00000000e1e00000| Untracked |  0
|   31|0x00000000e1f00000, 0x00000000e2000000, 0x00000000e2000000|100%| O|  |TAMS 0x00000000e1f00000| PB 0x00000000e1f00000| Untracked |  0
|   32|0x00000000e2000000, 0x00000000e2100000, 0x00000000e2100000|100%| O|  |TAMS 0x00000000e2000000| PB 0x00000000e2000000| Untracked |  0
|   33|0x00000000e2100000, 0x00000000e2200000, 0x00000000e2200000|100%| O|  |TAMS 0x00000000e2100000| PB 0x00000000e2100000| Untracked |  0
|   34|0x00000000e2200000, 0x00000000e2300000, 0x00000000e2300000|100%| O|  |TAMS 0x00000000e2200000| PB 0x00000000e2200000| Untracked |  0
|   35|0x00000000e2300000, 0x00000000e2400000, 0x00000000e2400000|100%| O|  |TAMS 0x00000000e2300000| PB 0x00000000e2300000| Untracked |  0
|   36|0x00000000e2400000, 0x00000000e2500000, 0x00000000e2500000|100%| O|  |TAMS 0x00000000e2400000| PB 0x00000000e2400000| Untracked |  0
|   37|0x00000000e2500000, 0x00000000e2600000, 0x00000000e2600000|100%| O|  |TAMS 0x00000000e2500000| PB 0x00000000e2500000| Untracked |  0
|   38|0x00000000e2600000, 0x00000000e2700000, 0x00000000e2700000|100%| O|  |TAMS 0x00000000e2600000| PB 0x00000000e2600000| Untracked |  0
|   39|0x00000000e2700000, 0x00000000e2800000, 0x00000000e2800000|100%| O|  |TAMS 0x00000000e2700000| PB 0x00000000e2700000| Untracked |  0
|   40|0x00000000e2800000, 0x00000000e2900000, 0x00000000e2900000|100%| O|  |TAMS 0x00000000e2800000| PB 0x00000000e2800000| Untracked |  0
|   41|0x00000000e2900000, 0x00000000e2a00000, 0x00000000e2a00000|100%| O|  |TAMS 0x00000000e2900000| PB 0x00000000e2900000| Untracked |  0
|   42|0x00000000e2a00000, 0x00000000e2b00000, 0x00000000e2b00000|100%| O|  |TAMS 0x00000000e2a00000| PB 0x00000000e2a00000| Untracked |  0
|   43|0x00000000e2b00000, 0x00000000e2c00000, 0x00000000e2c00000|100%| O|  |TAMS 0x00000000e2b00000| PB 0x00000000e2b00000| Untracked |  0
|   44|0x00000000e2c00000, 0x00000000e2d00000, 0x00000000e2d00000|100%| O|  |TAMS 0x00000000e2c00000| PB 0x00000000e2c00000| Untracked |  0
|   45|0x00000000e2d00000, 0x00000000e2e00000, 0x00000000e2e00000|100%| O|  |TAMS 0x00000000e2d00000| PB 0x00000000e2d00000| Untracked |  0
|   46|0x00000000e2e00000, 0x00000000e2f00000, 0x00000000e2f00000|100%| O|  |TAMS 0x00000000e2e00000| PB 0x00000000e2e00000| Untracked |  0
|   47|0x00000000e2f00000, 0x00000000e3000000, 0x00000000e3000000|100%| O|  |TAMS 0x00000000e2f00000| PB 0x00000000e2f00000| Untracked |  0
|   48|0x00000000e3000000, 0x00000000e3100000, 0x00000000e3100000|100%| O|  |TAMS 0x00000000e3000000| PB 0x00000000e3000000| Untracked |  0
|   49|0x00000000e3100000, 0x00000000e3200000, 0x00000000e3200000|100%| O|  |TAMS 0x00000000e3100000| PB 0x00000000e3100000| Untracked |  0
|   50|0x00000000e3200000, 0x00000000e3300000, 0x00000000e3300000|100%| O|  |TAMS 0x00000000e3200000| PB 0x00000000e3200000| Untracked |  0
|   51|0x00000000e3300000, 0x00000000e3400000, 0x00000000e3400000|100%| O|  |TAMS 0x00000000e3300000| PB 0x00000000e3300000| Untracked |  0
|   52|0x00000000e3400000, 0x00000000e3500000, 0x00000000e3500000|100%| O|  |TAMS 0x00000000e3400000| PB 0x00000000e3400000| Untracked |  0
|   53|0x00000000e3500000, 0x00000000e3600000, 0x00000000e3600000|100%| O|  |TAMS 0x00000000e3500000| PB 0x00000000e3500000| Untracked |  0
|   54|0x00000000e3600000, 0x00000000e3700000, 0x00000000e3700000|100%| O|  |TAMS 0x00000000e3600000| PB 0x00000000e3600000| Untracked |  0
|   55|0x00000000e3700000, 0x00000000e3800000, 0x00000000e3800000|100%| O|  |TAMS 0x00000000e3700000| PB 0x00000000e3700000| Untracked |  0
|   56|0x00000000e3800000, 0x00000000e3900000, 0x00000000e3900000|100%| O|  |TAMS 0x00000000e3800000| PB 0x00000000e3800000| Untracked |  0
|   57|0x00000000e3900000, 0x00000000e3a00000, 0x00000000e3a00000|100%| O|  |TAMS 0x00000000e3900000| PB 0x00000000e3900000| Untracked |  0
|   58|0x00000000e3a00000, 0x00000000e3b00000, 0x00000000e3b00000|100%| O|  |TAMS 0x00000000e3a00000| PB 0x00000000e3a00000| Untracked |  0
|   59|0x00000000e3b00000, 0x00000000e3c00000, 0x00000000e3c00000|100%| O|  |TAMS 0x00000000e3b00000| PB 0x00000000e3b00000| Untracked |  0
|   60|0x00000000e3c00000, 0x00000000e3d00000, 0x00000000e3d00000|100%| O|  |TAMS 0x00000000e3c00000| PB 0x00000000e3c00000| Untracked |  0
|   61|0x00000000e3d00000, 0x00000000e3e00000, 0x00000000e3e00000|100%| O|  |TAMS 0x00000000e3d00000| PB 0x00000000e3d00000| Untracked |  0
|   62|0x00000000e3e00000, 0x00000000e3f00000, 0x00000000e3f00000|100%| O|  |TAMS 0x00000000e3e00000| PB 0x00000000e3e00000| Untracked |  0
|   63|0x00000000e3f00000, 0x00000000e4000000, 0x00000000e4000000|100%| O|  |TAMS 0x00000000e3f00000| PB 0x00000000e3f00000| Untracked |  0
|   64|0x00000000e4000000, 0x00000000e4100000, 0x00000000e4100000|100%| O|  |TAMS 0x00000000e4000000| PB 0x00000000e4000000| Untracked |  0
|   65|0x00000000e4100000, 0x00000000e4200000, 0x00000000e4200000|100%| O|  |TAMS 0x00000000e4100000| PB 0x00000000e4100000| Untracked |  0
|   66|0x00000000e4200000, 0x00000000e4300000, 0x00000000e4300000|100%| O|  |TAMS 0x00000000e4200000| PB 0x00000000e4200000| Untracked |  0
|   67|0x00000000e4300000, 0x00000000e4400000, 0x00000000e4400000|100%| O|  |TAMS 0x00000000e4300000| PB 0x00000000e4300000| Untracked |  0
|   68|0x00000000e4400000, 0x00000000e4500000, 0x00000000e4500000|100%| O|  |TAMS 0x00000000e4400000| PB 0x00000000e4400000| Untracked |  0
|   69|0x00000000e4500000, 0x00000000e4600000, 0x00000000e4600000|100%| O|  |TAMS 0x00000000e4500000| PB 0x00000000e4500000| Untracked |  0
|   70|0x00000000e4600000, 0x00000000e4700000, 0x00000000e4700000|100%| O|  |TAMS 0x00000000e4600000| PB 0x00000000e4600000| Untracked |  0
|   71|0x00000000e4700000, 0x00000000e4800000, 0x00000000e4800000|100%| O|  |TAMS 0x00000000e4700000| PB 0x00000000e4700000| Untracked |  0
|   72|0x00000000e4800000, 0x00000000e4900000, 0x00000000e4900000|100%| O|  |TAMS 0x00000000e4800000| PB 0x00000000e4800000| Untracked |  0
|   73|0x00000000e4900000, 0x00000000e4a00000, 0x00000000e4a00000|100%| O|  |TAMS 0x00000000e4900000| PB 0x00000000e4900000| Untracked |  0
|   74|0x00000000e4a00000, 0x00000000e4b00000, 0x00000000e4b00000|100%| O|  |TAMS 0x00000000e4a00000| PB 0x00000000e4a00000| Untracked |  0
|   75|0x00000000e4b00000, 0x00000000e4c00000, 0x00000000e4c00000|100%| O|  |TAMS 0x00000000e4b00000| PB 0x00000000e4b00000| Untracked |  0
|   76|0x00000000e4c00000, 0x00000000e4d00000, 0x00000000e4d00000|100%| O|  |TAMS 0x00000000e4c00000| PB 0x00000000e4c00000| Untracked |  0
|   77|0x00000000e4d00000, 0x00000000e4e00000, 0x00000000e4e00000|100%| O|  |TAMS 0x00000000e4d00000| PB 0x00000000e4d00000| Untracked |  0
|   78|0x00000000e4e00000, 0x00000000e4f00000, 0x00000000e4f00000|100%| O|  |TAMS 0x00000000e4e00000| PB 0x00000000e4e00000| Untracked |  0
|   79|0x00000000e4f00000, 0x00000000e5000000, 0x00000000e5000000|100%| O|  |TAMS 0x00000000e4f00000| PB 0x00000000e4f00000| Untracked |  0
|   80|0x00000000e5000000, 0x00000000e5100000, 0x00000000e5100000|100%| O|  |TAMS 0x00000000e5000000| PB 0x00000000e5000000| Untracked |  0
|   81|0x00000000e5100000, 0x00000000e5200000, 0x00000000e5200000|100%| O|  |TAMS 0x00000000e5100000| PB 0x00000000e5100000| Untracked |  0
|   82|0x00000000e5200000, 0x00000000e5300000, 0x00000000e5300000|100%| O|  |TAMS 0x00000000e5200000| PB 0x00000000e5200000| Untracked |  0
|   83|0x00000000e5300000, 0x00000000e5400000, 0x00000000e5400000|100%| O|  |TAMS 0x00000000e5300000| PB 0x00000000e5300000| Untracked |  0
|   84|0x00000000e5400000, 0x00000000e5500000, 0x00000000e5500000|100%| O|  |TAMS 0x00000000e5400000| PB 0x00000000e5400000| Untracked |  0
|   85|0x00000000e5500000, 0x00000000e5600000, 0x00000000e5600000|100%| O|  |TAMS 0x00000000e5500000| PB 0x00000000e5500000| Untracked |  0
|   86|0x00000000e5600000, 0x00000000e5700000, 0x00000000e5700000|100%| O|  |TAMS 0x00000000e5600000| PB 0x00000000e5600000| Untracked |  0
|   87|0x00000000e5700000, 0x00000000e5800000, 0x00000000e5800000|100%|HS|  |TAMS 0x00000000e5700000| PB 0x00000000e5700000| Complete  |  0
|   88|0x00000000e5800000, 0x00000000e5900000, 0x00000000e5900000|100%|HS|  |TAMS 0x00000000e5800000| PB 0x00000000e5800000| Complete  |  0
|   89|0x00000000e5900000, 0x00000000e5a00000, 0x00000000e5a00000|100%| O|  |TAMS 0x00000000e5900000| PB 0x00000000e5900000| Untracked |  0
|   90|0x00000000e5a00000, 0x00000000e5b00000, 0x00000000e5b00000|100%| O|  |TAMS 0x00000000e5a00000| PB 0x00000000e5a00000| Untracked |  0
|   91|0x00000000e5b00000, 0x00000000e5b00000, 0x00000000e5c00000|  0%| F|  |TAMS 0x00000000e5b00000| PB 0x00000000e5b00000| Untracked |  0
|   92|0x00000000e5c00000, 0x00000000e5c00000, 0x00000000e5d00000|  0%| F|  |TAMS 0x00000000e5c00000| PB 0x00000000e5c00000| Untracked |  0
|   93|0x00000000e5d00000, 0x00000000e5d00000, 0x00000000e5e00000|  0%| F|  |TAMS 0x00000000e5d00000| PB 0x00000000e5d00000| Untracked |  0
|   94|0x00000000e5e00000, 0x00000000e5e00000, 0x00000000e5f00000|  0%| F|  |TAMS 0x00000000e5e00000| PB 0x00000000e5e00000| Untracked |  0
|   95|0x00000000e5f00000, 0x00000000e6000000, 0x00000000e6000000|100%| O|  |TAMS 0x00000000e5f00000| PB 0x00000000e5f00000| Untracked |  0
|   96|0x00000000e6000000, 0x00000000e6100000, 0x00000000e6100000|100%| O|  |TAMS 0x00000000e6000000| PB 0x00000000e6000000| Untracked |  0
|   97|0x00000000e6100000, 0x00000000e6200000, 0x00000000e6200000|100%| O|  |TAMS 0x00000000e6100000| PB 0x00000000e6100000| Untracked |  0
|   98|0x00000000e6200000, 0x00000000e6229c70, 0x00000000e6300000| 16%| O|  |TAMS 0x00000000e6200000| PB 0x00000000e6200000| Untracked |  0
|   99|0x00000000e6300000, 0x00000000e6400000, 0x00000000e6400000|100%| S|CS|TAMS 0x00000000e6300000| PB 0x00000000e6300000| Complete  |  0
|  100|0x00000000e6400000, 0x00000000e6500000, 0x00000000e6500000|100%| S|CS|TAMS 0x00000000e6400000| PB 0x00000000e6400000| Complete  |  0
|  101|0x00000000e6500000, 0x00000000e6600000, 0x00000000e6600000|100%| S|CS|TAMS 0x00000000e6500000| PB 0x00000000e6500000| Complete  |  0
|  102|0x00000000e6600000, 0x00000000e6700000, 0x00000000e6700000|100%| S|CS|TAMS 0x00000000e6600000| PB 0x00000000e6600000| Complete  |  0
|  103|0x00000000e6700000, 0x00000000e6800000, 0x00000000e6800000|100%| S|CS|TAMS 0x00000000e6700000| PB 0x00000000e6700000| Complete  |  0
|  104|0x00000000e6800000, 0x00000000e6900000, 0x00000000e6900000|100%| S|CS|TAMS 0x00000000e6800000| PB 0x00000000e6800000| Complete  |  0
|  105|0x00000000e6900000, 0x00000000e6a00000, 0x00000000e6a00000|100%| S|CS|TAMS 0x00000000e6900000| PB 0x00000000e6900000| Complete  |  0
|  106|0x00000000e6a00000, 0x00000000e6a00000, 0x00000000e6b00000|  0%| F|  |TAMS 0x00000000e6a00000| PB 0x00000000e6a00000| Untracked |  0
|  107|0x00000000e6b00000, 0x00000000e6b00000, 0x00000000e6c00000|  0%| F|  |TAMS 0x00000000e6b00000| PB 0x00000000e6b00000| Untracked |  0
|  108|0x00000000e6c00000, 0x00000000e6c00000, 0x00000000e6d00000|  0%| F|  |TAMS 0x00000000e6c00000| PB 0x00000000e6c00000| Untracked |  0
|  109|0x00000000e6d00000, 0x00000000e6d00000, 0x00000000e6e00000|  0%| F|  |TAMS 0x00000000e6d00000| PB 0x00000000e6d00000| Untracked |  0
|  110|0x00000000e6e00000, 0x00000000e6e00000, 0x00000000e6f00000|  0%| F|  |TAMS 0x00000000e6e00000| PB 0x00000000e6e00000| Untracked |  0
|  111|0x00000000e6f00000, 0x00000000e6f00000, 0x00000000e7000000|  0%| F|  |TAMS 0x00000000e6f00000| PB 0x00000000e6f00000| Untracked |  0
|  112|0x00000000e7000000, 0x00000000e7000000, 0x00000000e7100000|  0%| F|  |TAMS 0x00000000e7000000| PB 0x00000000e7000000| Untracked |  0
|  113|0x00000000e7100000, 0x00000000e7100000, 0x00000000e7200000|  0%| F|  |TAMS 0x00000000e7100000| PB 0x00000000e7100000| Untracked |  0
|  114|0x00000000e7200000, 0x00000000e7200000, 0x00000000e7300000|  0%| F|  |TAMS 0x00000000e7200000| PB 0x00000000e7200000| Untracked |  0
|  115|0x00000000e7300000, 0x00000000e7400000, 0x00000000e7400000|100%| S|CS|TAMS 0x00000000e7300000| PB 0x00000000e7300000| Complete  |  0
|  116|0x00000000e7400000, 0x00000000e7500000, 0x00000000e7500000|100%| S|CS|TAMS 0x00000000e7400000| PB 0x00000000e7400000| Complete  |  0
|  117|0x00000000e7500000, 0x00000000e7600000, 0x00000000e7600000|100%| S|CS|TAMS 0x00000000e7500000| PB 0x00000000e7500000| Complete  |  0
|  118|0x00000000e7600000, 0x00000000e7700000, 0x00000000e7700000|100%| S|CS|TAMS 0x00000000e7600000| PB 0x00000000e7600000| Complete  |  0
|  119|0x00000000e7700000, 0x00000000e7800000, 0x00000000e7800000|100%| S|CS|TAMS 0x00000000e7700000| PB 0x00000000e7700000| Complete  |  0
|  120|0x00000000e7800000, 0x00000000e7900000, 0x00000000e7900000|100%| S|CS|TAMS 0x00000000e7800000| PB 0x00000000e7800000| Complete  |  0
|  121|0x00000000e7900000, 0x00000000e7900000, 0x00000000e7a00000|  0%| F|  |TAMS 0x00000000e7900000| PB 0x00000000e7900000| Untracked |  0
|  122|0x00000000e7a00000, 0x00000000e7a00000, 0x00000000e7b00000|  0%| F|  |TAMS 0x00000000e7a00000| PB 0x00000000e7a00000| Untracked |  0
|  123|0x00000000e7b00000, 0x00000000e7b00000, 0x00000000e7c00000|  0%| F|  |TAMS 0x00000000e7b00000| PB 0x00000000e7b00000| Untracked |  0
|  124|0x00000000e7c00000, 0x00000000e7c00000, 0x00000000e7d00000|  0%| F|  |TAMS 0x00000000e7c00000| PB 0x00000000e7c00000| Untracked |  0
|  125|0x00000000e7d00000, 0x00000000e7d00000, 0x00000000e7e00000|  0%| F|  |TAMS 0x00000000e7d00000| PB 0x00000000e7d00000| Untracked |  0
|  126|0x00000000e7e00000, 0x00000000e7f00000, 0x00000000e7f00000|100%| E|CS|TAMS 0x00000000e7e00000| PB 0x00000000e7e00000| Complete  |  0
|  127|0x00000000e7f00000, 0x00000000e8000000, 0x00000000e8000000|100%| E|CS|TAMS 0x00000000e7f00000| PB 0x00000000e7f00000| Complete  |  0
|  128|0x00000000e8000000, 0x00000000e8100000, 0x00000000e8100000|100%| E|CS|TAMS 0x00000000e8000000| PB 0x00000000e8000000| Complete  |  0
|  129|0x00000000e8100000, 0x00000000e8200000, 0x00000000e8200000|100%| E|CS|TAMS 0x00000000e8100000| PB 0x00000000e8100000| Complete  |  0
|  130|0x00000000e8200000, 0x00000000e8300000, 0x00000000e8300000|100%| E|CS|TAMS 0x00000000e8200000| PB 0x00000000e8200000| Complete  |  0
|  131|0x00000000e8300000, 0x00000000e8400000, 0x00000000e8400000|100%| E|CS|TAMS 0x00000000e8300000| PB 0x00000000e8300000| Complete  |  0
|  132|0x00000000e8400000, 0x00000000e8500000, 0x00000000e8500000|100%| E|CS|TAMS 0x00000000e8400000| PB 0x00000000e8400000| Complete  |  0
|  133|0x00000000e8500000, 0x00000000e8600000, 0x00000000e8600000|100%| E|CS|TAMS 0x00000000e8500000| PB 0x00000000e8500000| Complete  |  0
|  134|0x00000000e8600000, 0x00000000e8700000, 0x00000000e8700000|100%| E|CS|TAMS 0x00000000e8600000| PB 0x00000000e8600000| Complete  |  0
|  135|0x00000000e8700000, 0x00000000e8800000, 0x00000000e8800000|100%| E|CS|TAMS 0x00000000e8700000| PB 0x00000000e8700000| Complete  |  0
|  136|0x00000000e8800000, 0x00000000e8900000, 0x00000000e8900000|100%| E|CS|TAMS 0x00000000e8800000| PB 0x00000000e8800000| Complete  |  0
|  137|0x00000000e8900000, 0x00000000e8a00000, 0x00000000e8a00000|100%| E|CS|TAMS 0x00000000e8900000| PB 0x00000000e8900000| Complete  |  0
|  138|0x00000000e8a00000, 0x00000000e8b00000, 0x00000000e8b00000|100%| E|CS|TAMS 0x00000000e8a00000| PB 0x00000000e8a00000| Complete  |  0
|  139|0x00000000e8b00000, 0x00000000e8c00000, 0x00000000e8c00000|100%| E|CS|TAMS 0x00000000e8b00000| PB 0x00000000e8b00000| Complete  |  0
|  140|0x00000000e8c00000, 0x00000000e8d00000, 0x00000000e8d00000|100%| E|CS|TAMS 0x00000000e8c00000| PB 0x00000000e8c00000| Complete  |  0
|  141|0x00000000e8d00000, 0x00000000e8e00000, 0x00000000e8e00000|100%| E|CS|TAMS 0x00000000e8d00000| PB 0x00000000e8d00000| Complete  |  0
|  142|0x00000000e8e00000, 0x00000000e8f00000, 0x00000000e8f00000|100%| E|CS|TAMS 0x00000000e8e00000| PB 0x00000000e8e00000| Complete  |  0
|  143|0x00000000e8f00000, 0x00000000e9000000, 0x00000000e9000000|100%| E|CS|TAMS 0x00000000e8f00000| PB 0x00000000e8f00000| Complete  |  0
|  144|0x00000000e9000000, 0x00000000e9100000, 0x00000000e9100000|100%| E|CS|TAMS 0x00000000e9000000| PB 0x00000000e9000000| Complete  |  0
|  145|0x00000000e9100000, 0x00000000e9200000, 0x00000000e9200000|100%| E|CS|TAMS 0x00000000e9100000| PB 0x00000000e9100000| Complete  |  0
|  146|0x00000000e9200000, 0x00000000e9300000, 0x00000000e9300000|100%| E|CS|TAMS 0x00000000e9200000| PB 0x00000000e9200000| Complete  |  0
|  147|0x00000000e9300000, 0x00000000e9400000, 0x00000000e9400000|100%| E|CS|TAMS 0x00000000e9300000| PB 0x00000000e9300000| Complete  |  0
|  148|0x00000000e9400000, 0x00000000e9500000, 0x00000000e9500000|100%| E|CS|TAMS 0x00000000e9400000| PB 0x00000000e9400000| Complete  |  0
|  149|0x00000000e9500000, 0x00000000e9600000, 0x00000000e9600000|100%| E|CS|TAMS 0x00000000e9500000| PB 0x00000000e9500000| Complete  |  0
|  150|0x00000000e9600000, 0x00000000e9700000, 0x00000000e9700000|100%| E|CS|TAMS 0x00000000e9600000| PB 0x00000000e9600000| Complete  |  0
|  151|0x00000000e9700000, 0x00000000e9800000, 0x00000000e9800000|100%| E|CS|TAMS 0x00000000e9700000| PB 0x00000000e9700000| Complete  |  0
|  152|0x00000000e9800000, 0x00000000e9900000, 0x00000000e9900000|100%| E|CS|TAMS 0x00000000e9800000| PB 0x00000000e9800000| Complete  |  0
|  153|0x00000000e9900000, 0x00000000e9a00000, 0x00000000e9a00000|100%| E|CS|TAMS 0x00000000e9900000| PB 0x00000000e9900000| Complete  |  0
|  154|0x00000000e9a00000, 0x00000000e9b00000, 0x00000000e9b00000|100%| E|CS|TAMS 0x00000000e9a00000| PB 0x00000000e9a00000| Complete  |  0
|  155|0x00000000e9b00000, 0x00000000e9c00000, 0x00000000e9c00000|100%| E|CS|TAMS 0x00000000e9b00000| PB 0x00000000e9b00000| Complete  |  0
|  156|0x00000000e9c00000, 0x00000000e9d00000, 0x00000000e9d00000|100%| E|CS|TAMS 0x00000000e9c00000| PB 0x00000000e9c00000| Complete  |  0
|  157|0x00000000e9d00000, 0x00000000e9e00000, 0x00000000e9e00000|100%| E|CS|TAMS 0x00000000e9d00000| PB 0x00000000e9d00000| Complete  |  0
|  158|0x00000000e9e00000, 0x00000000e9f00000, 0x00000000e9f00000|100%| E|CS|TAMS 0x00000000e9e00000| PB 0x00000000e9e00000| Complete  |  0
|  159|0x00000000e9f00000, 0x00000000ea000000, 0x00000000ea000000|100%| E|CS|TAMS 0x00000000e9f00000| PB 0x00000000e9f00000| Complete  |  0
|  160|0x00000000ea000000, 0x00000000ea100000, 0x00000000ea100000|100%| E|CS|TAMS 0x00000000ea000000| PB 0x00000000ea000000| Complete  |  0
|  161|0x00000000ea100000, 0x00000000ea200000, 0x00000000ea200000|100%| E|CS|TAMS 0x00000000ea100000| PB 0x00000000ea100000| Complete  |  0
|  162|0x00000000ea200000, 0x00000000ea300000, 0x00000000ea300000|100%| E|CS|TAMS 0x00000000ea200000| PB 0x00000000ea200000| Complete  |  0
|  163|0x00000000ea300000, 0x00000000ea400000, 0x00000000ea400000|100%| E|CS|TAMS 0x00000000ea300000| PB 0x00000000ea300000| Complete  |  0
|  164|0x00000000ea400000, 0x00000000ea500000, 0x00000000ea500000|100%| E|CS|TAMS 0x00000000ea400000| PB 0x00000000ea400000| Complete  |  0
|  165|0x00000000ea500000, 0x00000000ea600000, 0x00000000ea600000|100%| E|CS|TAMS 0x00000000ea500000| PB 0x00000000ea500000| Complete  |  0
|  166|0x00000000ea600000, 0x00000000ea700000, 0x00000000ea700000|100%| E|CS|TAMS 0x00000000ea600000| PB 0x00000000ea600000| Complete  |  0
|  167|0x00000000ea700000, 0x00000000ea800000, 0x00000000ea800000|100%| E|CS|TAMS 0x00000000ea700000| PB 0x00000000ea700000| Complete  |  0
|  168|0x00000000ea800000, 0x00000000ea900000, 0x00000000ea900000|100%| E|CS|TAMS 0x00000000ea800000| PB 0x00000000ea800000| Complete  |  0
|  169|0x00000000ea900000, 0x00000000eaa00000, 0x00000000eaa00000|100%| E|CS|TAMS 0x00000000ea900000| PB 0x00000000ea900000| Complete  |  0
|  170|0x00000000eaa00000, 0x00000000eab00000, 0x00000000eab00000|100%| E|CS|TAMS 0x00000000eaa00000| PB 0x00000000eaa00000| Complete  |  0
|  171|0x00000000eab00000, 0x00000000eac00000, 0x00000000eac00000|100%| E|CS|TAMS 0x00000000eab00000| PB 0x00000000eab00000| Complete  |  0
|  172|0x00000000eac00000, 0x00000000ead00000, 0x00000000ead00000|100%| E|CS|TAMS 0x00000000eac00000| PB 0x00000000eac00000| Complete  |  0
|  173|0x00000000ead00000, 0x00000000eae00000, 0x00000000eae00000|100%| E|CS|TAMS 0x00000000ead00000| PB 0x00000000ead00000| Complete  |  0
|  174|0x00000000eae00000, 0x00000000eaf00000, 0x00000000eaf00000|100%| E|CS|TAMS 0x00000000eae00000| PB 0x00000000eae00000| Complete  |  0
|  175|0x00000000eaf00000, 0x00000000eb000000, 0x00000000eb000000|100%| E|CS|TAMS 0x00000000eaf00000| PB 0x00000000eaf00000| Complete  |  0
|  176|0x00000000eb000000, 0x00000000eb100000, 0x00000000eb100000|100%| E|CS|TAMS 0x00000000eb000000| PB 0x00000000eb000000| Complete  |  0
|  177|0x00000000eb100000, 0x00000000eb200000, 0x00000000eb200000|100%| E|CS|TAMS 0x00000000eb100000| PB 0x00000000eb100000| Complete  |  0
|  178|0x00000000eb200000, 0x00000000eb300000, 0x00000000eb300000|100%| E|CS|TAMS 0x00000000eb200000| PB 0x00000000eb200000| Complete  |  0
|  179|0x00000000eb300000, 0x00000000eb400000, 0x00000000eb400000|100%| E|CS|TAMS 0x00000000eb300000| PB 0x00000000eb300000| Complete  |  0
|  180|0x00000000eb400000, 0x00000000eb500000, 0x00000000eb500000|100%| E|CS|TAMS 0x00000000eb400000| PB 0x00000000eb400000| Complete  |  0
|  181|0x00000000eb500000, 0x00000000eb600000, 0x00000000eb600000|100%| E|CS|TAMS 0x00000000eb500000| PB 0x00000000eb500000| Complete  |  0
|  182|0x00000000eb600000, 0x00000000eb700000, 0x00000000eb700000|100%| E|CS|TAMS 0x00000000eb600000| PB 0x00000000eb600000| Complete  |  0
|  183|0x00000000eb700000, 0x00000000eb800000, 0x00000000eb800000|100%| E|CS|TAMS 0x00000000eb700000| PB 0x00000000eb700000| Complete  |  0
|  184|0x00000000eb800000, 0x00000000eb900000, 0x00000000eb900000|100%| E|CS|TAMS 0x00000000eb800000| PB 0x00000000eb800000| Complete  |  0
|  185|0x00000000eb900000, 0x00000000eba00000, 0x00000000eba00000|100%| E|CS|TAMS 0x00000000eb900000| PB 0x00000000eb900000| Complete  |  0
|  186|0x00000000eba00000, 0x00000000ebb00000, 0x00000000ebb00000|100%| E|CS|TAMS 0x00000000eba00000| PB 0x00000000eba00000| Complete  |  0
|  187|0x00000000ebb00000, 0x00000000ebc00000, 0x00000000ebc00000|100%| E|CS|TAMS 0x00000000ebb00000| PB 0x00000000ebb00000| Complete  |  0
|  188|0x00000000ebc00000, 0x00000000ebd00000, 0x00000000ebd00000|100%| E|CS|TAMS 0x00000000ebc00000| PB 0x00000000ebc00000| Complete  |  0
|  189|0x00000000ebd00000, 0x00000000ebe00000, 0x00000000ebe00000|100%| E|CS|TAMS 0x00000000ebd00000| PB 0x00000000ebd00000| Complete  |  0
|  190|0x00000000ebe00000, 0x00000000ebf00000, 0x00000000ebf00000|100%| E|CS|TAMS 0x00000000ebe00000| PB 0x00000000ebe00000| Complete  |  0
|  191|0x00000000ebf00000, 0x00000000ec000000, 0x00000000ec000000|100%| E|CS|TAMS 0x00000000ebf00000| PB 0x00000000ebf00000| Complete  |  0
|  192|0x00000000ec000000, 0x00000000ec100000, 0x00000000ec100000|100%| E|CS|TAMS 0x00000000ec000000| PB 0x00000000ec000000| Complete  |  0
|  193|0x00000000ec100000, 0x00000000ec200000, 0x00000000ec200000|100%| E|CS|TAMS 0x00000000ec100000| PB 0x00000000ec100000| Complete  |  0
|  194|0x00000000ec200000, 0x00000000ec300000, 0x00000000ec300000|100%| E|CS|TAMS 0x00000000ec200000| PB 0x00000000ec200000| Complete  |  0
|  195|0x00000000ec300000, 0x00000000ec400000, 0x00000000ec400000|100%| E|CS|TAMS 0x00000000ec300000| PB 0x00000000ec300000| Complete  |  0
|  196|0x00000000ec400000, 0x00000000ec500000, 0x00000000ec500000|100%| E|CS|TAMS 0x00000000ec400000| PB 0x00000000ec400000| Complete  |  0
|  197|0x00000000ec500000, 0x00000000ec600000, 0x00000000ec600000|100%| E|CS|TAMS 0x00000000ec500000| PB 0x00000000ec500000| Complete  |  0
|  198|0x00000000ec600000, 0x00000000ec700000, 0x00000000ec700000|100%| E|CS|TAMS 0x00000000ec600000| PB 0x00000000ec600000| Complete  |  0
|  199|0x00000000ec700000, 0x00000000ec800000, 0x00000000ec800000|100%| E|CS|TAMS 0x00000000ec700000| PB 0x00000000ec700000| Complete  |  0
|  200|0x00000000ec800000, 0x00000000ec900000, 0x00000000ec900000|100%| E|CS|TAMS 0x00000000ec800000| PB 0x00000000ec800000| Complete  |  0
|  201|0x00000000ec900000, 0x00000000eca00000, 0x00000000eca00000|100%| E|CS|TAMS 0x00000000ec900000| PB 0x00000000ec900000| Complete  |  0
|  202|0x00000000eca00000, 0x00000000ecb00000, 0x00000000ecb00000|100%| E|CS|TAMS 0x00000000eca00000| PB 0x00000000eca00000| Complete  |  0
|  203|0x00000000ecb00000, 0x00000000ecc00000, 0x00000000ecc00000|100%| E|CS|TAMS 0x00000000ecb00000| PB 0x00000000ecb00000| Complete  |  0
|  204|0x00000000ecc00000, 0x00000000ecd00000, 0x00000000ecd00000|100%| E|CS|TAMS 0x00000000ecc00000| PB 0x00000000ecc00000| Complete  |  0
|  205|0x00000000ecd00000, 0x00000000ece00000, 0x00000000ece00000|100%| E|CS|TAMS 0x00000000ecd00000| PB 0x00000000ecd00000| Complete  |  0
|  206|0x00000000ece00000, 0x00000000ecf00000, 0x00000000ecf00000|100%| E|CS|TAMS 0x00000000ece00000| PB 0x00000000ece00000| Complete  |  0
|  207|0x00000000ecf00000, 0x00000000ed000000, 0x00000000ed000000|100%| E|CS|TAMS 0x00000000ecf00000| PB 0x00000000ecf00000| Complete  |  0
|  208|0x00000000ed000000, 0x00000000ed100000, 0x00000000ed100000|100%| E|CS|TAMS 0x00000000ed000000| PB 0x00000000ed000000| Complete  |  0
|  209|0x00000000ed100000, 0x00000000ed200000, 0x00000000ed200000|100%| E|CS|TAMS 0x00000000ed100000| PB 0x00000000ed100000| Complete  |  0
|  210|0x00000000ed200000, 0x00000000ed300000, 0x00000000ed300000|100%| E|CS|TAMS 0x00000000ed200000| PB 0x00000000ed200000| Complete  |  0
|  211|0x00000000ed300000, 0x00000000ed400000, 0x00000000ed400000|100%| E|CS|TAMS 0x00000000ed300000| PB 0x00000000ed300000| Complete  |  0
|  212|0x00000000ed400000, 0x00000000ed500000, 0x00000000ed500000|100%| E|CS|TAMS 0x00000000ed400000| PB 0x00000000ed400000| Complete  |  0
|  213|0x00000000ed500000, 0x00000000ed600000, 0x00000000ed600000|100%| E|CS|TAMS 0x00000000ed500000| PB 0x00000000ed500000| Complete  |  0
|  214|0x00000000ed600000, 0x00000000ed700000, 0x00000000ed700000|100%| E|CS|TAMS 0x00000000ed600000| PB 0x00000000ed600000| Complete  |  0
|  215|0x00000000ed700000, 0x00000000ed800000, 0x00000000ed800000|100%| E|CS|TAMS 0x00000000ed700000| PB 0x00000000ed700000| Complete  |  0
|  216|0x00000000ed800000, 0x00000000ed900000, 0x00000000ed900000|100%| E|CS|TAMS 0x00000000ed800000| PB 0x00000000ed800000| Complete  |  0
|  217|0x00000000ed900000, 0x00000000eda00000, 0x00000000eda00000|100%| E|CS|TAMS 0x00000000ed900000| PB 0x00000000ed900000| Complete  |  0
|  218|0x00000000eda00000, 0x00000000edb00000, 0x00000000edb00000|100%| E|CS|TAMS 0x00000000eda00000| PB 0x00000000eda00000| Complete  |  0
|  219|0x00000000edb00000, 0x00000000edc00000, 0x00000000edc00000|100%| E|CS|TAMS 0x00000000edb00000| PB 0x00000000edb00000| Complete  |  0
|  220|0x00000000edc00000, 0x00000000edd00000, 0x00000000edd00000|100%| E|CS|TAMS 0x00000000edc00000| PB 0x00000000edc00000| Complete  |  0
|  221|0x00000000edd00000, 0x00000000ede00000, 0x00000000ede00000|100%| E|CS|TAMS 0x00000000edd00000| PB 0x00000000edd00000| Complete  |  0
|  222|0x00000000ede00000, 0x00000000edf00000, 0x00000000edf00000|100%| E|CS|TAMS 0x00000000ede00000| PB 0x00000000ede00000| Complete  |  0
|  223|0x00000000edf00000, 0x00000000ee000000, 0x00000000ee000000|100%| E|CS|TAMS 0x00000000edf00000| PB 0x00000000edf00000| Complete  |  0
|  224|0x00000000ee000000, 0x00000000ee100000, 0x00000000ee100000|100%| E|CS|TAMS 0x00000000ee000000| PB 0x00000000ee000000| Complete  |  0
|  225|0x00000000ee100000, 0x00000000ee200000, 0x00000000ee200000|100%| E|CS|TAMS 0x00000000ee100000| PB 0x00000000ee100000| Complete  |  0
|  226|0x00000000ee200000, 0x00000000ee300000, 0x00000000ee300000|100%| E|CS|TAMS 0x00000000ee200000| PB 0x00000000ee200000| Complete  |  0
|  227|0x00000000ee300000, 0x00000000ee400000, 0x00000000ee400000|100%| E|CS|TAMS 0x00000000ee300000| PB 0x00000000ee300000| Complete  |  0
|  228|0x00000000ee400000, 0x00000000ee500000, 0x00000000ee500000|100%| E|CS|TAMS 0x00000000ee400000| PB 0x00000000ee400000| Complete  |  0
|  229|0x00000000ee500000, 0x00000000ee600000, 0x00000000ee600000|100%| E|CS|TAMS 0x00000000ee500000| PB 0x00000000ee500000| Complete  |  0
|  230|0x00000000ee600000, 0x00000000ee700000, 0x00000000ee700000|100%| E|CS|TAMS 0x00000000ee600000| PB 0x00000000ee600000| Complete  |  0
|  231|0x00000000ee700000, 0x00000000ee800000, 0x00000000ee800000|100%| E|CS|TAMS 0x00000000ee700000| PB 0x00000000ee700000| Complete  |  0
|  232|0x00000000ee800000, 0x00000000ee900000, 0x00000000ee900000|100%| E|CS|TAMS 0x00000000ee800000| PB 0x00000000ee800000| Complete  |  0
|  233|0x00000000ee900000, 0x00000000eea00000, 0x00000000eea00000|100%| E|CS|TAMS 0x00000000ee900000| PB 0x00000000ee900000| Complete  |  0
|  234|0x00000000eea00000, 0x00000000eeb00000, 0x00000000eeb00000|100%| E|CS|TAMS 0x00000000eea00000| PB 0x00000000eea00000| Complete  |  0
|  235|0x00000000eeb00000, 0x00000000eec00000, 0x00000000eec00000|100%| E|CS|TAMS 0x00000000eeb00000| PB 0x00000000eeb00000| Complete  |  0
|  236|0x00000000eec00000, 0x00000000eed00000, 0x00000000eed00000|100%| E|CS|TAMS 0x00000000eec00000| PB 0x00000000eec00000| Complete  |  0
|  237|0x00000000eed00000, 0x00000000eee00000, 0x00000000eee00000|100%| E|CS|TAMS 0x00000000eed00000| PB 0x00000000eed00000| Complete  |  0
|  238|0x00000000eee00000, 0x00000000eef00000, 0x00000000eef00000|100%| E|CS|TAMS 0x00000000eee00000| PB 0x00000000eee00000| Complete  |  0
|  239|0x00000000eef00000, 0x00000000ef000000, 0x00000000ef000000|100%| E|CS|TAMS 0x00000000eef00000| PB 0x00000000eef00000| Complete  |  0
|  240|0x00000000ef000000, 0x00000000ef100000, 0x00000000ef100000|100%| E|CS|TAMS 0x00000000ef000000| PB 0x00000000ef000000| Complete  |  0
|  241|0x00000000ef100000, 0x00000000ef200000, 0x00000000ef200000|100%| E|CS|TAMS 0x00000000ef100000| PB 0x00000000ef100000| Complete  |  0
|  242|0x00000000ef200000, 0x00000000ef300000, 0x00000000ef300000|100%| E|CS|TAMS 0x00000000ef200000| PB 0x00000000ef200000| Complete  |  0
|  243|0x00000000ef300000, 0x00000000ef400000, 0x00000000ef400000|100%| E|CS|TAMS 0x00000000ef300000| PB 0x00000000ef300000| Complete  |  0
|  244|0x00000000ef400000, 0x00000000ef500000, 0x00000000ef500000|100%| E|CS|TAMS 0x00000000ef400000| PB 0x00000000ef400000| Complete  |  0
|  245|0x00000000ef500000, 0x00000000ef600000, 0x00000000ef600000|100%| E|CS|TAMS 0x00000000ef500000| PB 0x00000000ef500000| Complete  |  0
|  246|0x00000000ef600000, 0x00000000ef700000, 0x00000000ef700000|100%| E|CS|TAMS 0x00000000ef600000| PB 0x00000000ef600000| Complete  |  0
|  247|0x00000000ef700000, 0x00000000ef800000, 0x00000000ef800000|100%| E|CS|TAMS 0x00000000ef700000| PB 0x00000000ef700000| Complete  |  0
|  248|0x00000000ef800000, 0x00000000ef900000, 0x00000000ef900000|100%| E|CS|TAMS 0x00000000ef800000| PB 0x00000000ef800000| Complete  |  0
|  249|0x00000000ef900000, 0x00000000efa00000, 0x00000000efa00000|100%| E|CS|TAMS 0x00000000ef900000| PB 0x00000000ef900000| Complete  |  0
|  250|0x00000000efa00000, 0x00000000efb00000, 0x00000000efb00000|100%| E|CS|TAMS 0x00000000efa00000| PB 0x00000000efa00000| Complete  |  0
|  251|0x00000000efb00000, 0x00000000efc00000, 0x00000000efc00000|100%| E|CS|TAMS 0x00000000efb00000| PB 0x00000000efb00000| Complete  |  0
|  252|0x00000000efc00000, 0x00000000efd00000, 0x00000000efd00000|100%| E|CS|TAMS 0x00000000efc00000| PB 0x00000000efc00000| Complete  |  0
|  253|0x00000000efd00000, 0x00000000efe00000, 0x00000000efe00000|100%| E|CS|TAMS 0x00000000efd00000| PB 0x00000000efd00000| Complete  |  0
|  254|0x00000000efe00000, 0x00000000eff00000, 0x00000000eff00000|100%| E|CS|TAMS 0x00000000efe00000| PB 0x00000000efe00000| Complete  |  0
|  255|0x00000000eff00000, 0x00000000f0000000, 0x00000000f0000000|100%| E|CS|TAMS 0x00000000eff00000| PB 0x00000000eff00000| Complete  |  0
|  256|0x00000000f0000000, 0x00000000f0100000, 0x00000000f0100000|100%| E|CS|TAMS 0x00000000f0000000| PB 0x00000000f0000000| Complete  |  0
|  257|0x00000000f0100000, 0x00000000f0200000, 0x00000000f0200000|100%| E|CS|TAMS 0x00000000f0100000| PB 0x00000000f0100000| Complete  |  0
|  258|0x00000000f0200000, 0x00000000f0300000, 0x00000000f0300000|100%| E|CS|TAMS 0x00000000f0200000| PB 0x00000000f0200000| Complete  |  0
|  259|0x00000000f0300000, 0x00000000f0400000, 0x00000000f0400000|100%| E|CS|TAMS 0x00000000f0300000| PB 0x00000000f0300000| Complete  |  0
|  260|0x00000000f0400000, 0x00000000f0500000, 0x00000000f0500000|100%| E|CS|TAMS 0x00000000f0400000| PB 0x00000000f0400000| Complete  |  0
|  261|0x00000000f0500000, 0x00000000f0600000, 0x00000000f0600000|100%| E|CS|TAMS 0x00000000f0500000| PB 0x00000000f0500000| Complete  |  0
|  262|0x00000000f0600000, 0x00000000f0700000, 0x00000000f0700000|100%| E|CS|TAMS 0x00000000f0600000| PB 0x00000000f0600000| Complete  |  0
|  263|0x00000000f0700000, 0x00000000f0800000, 0x00000000f0800000|100%| E|CS|TAMS 0x00000000f0700000| PB 0x00000000f0700000| Complete  |  0
|  264|0x00000000f0800000, 0x00000000f0900000, 0x00000000f0900000|100%| E|CS|TAMS 0x00000000f0800000| PB 0x00000000f0800000| Complete  |  0
|  265|0x00000000f0900000, 0x00000000f0a00000, 0x00000000f0a00000|100%| E|CS|TAMS 0x00000000f0900000| PB 0x00000000f0900000| Complete  |  0
|  266|0x00000000f0a00000, 0x00000000f0a89388, 0x00000000f0b00000| 53%| S|CS|TAMS 0x00000000f0a00000| PB 0x00000000f0a00000| Complete  |  0
|  510|0x00000000ffe00000, 0x00000000fff00000, 0x00000000fff00000|100%| O|  |TAMS 0x00000000ffe00000| PB 0x00000000ffe00000| Untracked |  0

Card table byte_map: [0x00007f3793f00000,0x00007f3794000000] _byte_map_base: 0x00007f3793800000
Refinement table byte_map: [0x00007f3794000000,0x00007f3794100000] _byte_map_base: 0x00007f3793900000

Marking Bits: (CMBitMap*) 0x00007f37ac059c80
 Bits: [0x00007f3793600000, 0x00007f3793e00000)

Polling page: 0x00007f37b2965000

Metaspace:
Metaspace        used 29046K, committed 30016K, reserved 393216K
 class space     used 4271K, committed 4736K, reserved 327680K

Usage:
  Non-class:     24.19 MB used.
      Class:      4.17 MB used.
       Both:     28.37 MB used.

Virtual space:
  Non-class space:       64.00 MB reserved,      24.69 MB ( 39%) committed,  1 nodes.
      Class space:      320.00 MB reserved,       4.62 MB (  1%) committed,  1 nodes.
             Both:      384.00 MB reserved,      29.31 MB (  8%) committed. 

Chunk freelists:
   Non-Class:  7.34 MB
       Class:  11.22 MB
        Both:  18.56 MB

MaxMetaspaceSize: 384.00 MB
CompressedClassSpaceSize: 320.00 MB
Initial GC threshold: 21.00 MB
Current GC threshold: 35.12 MB
CDS: on
 - commit_granule_bytes: 65536.
 - commit_granule_words: 8192.
 - virtual_space_node_default_size: 8388608.
 - enlarge_chunks_in_place: 1.
UseCompressedClassPointers 1, UseCompactObjectHeaders 0
Narrow klass pointer bits 32, Max shift 3
Narrow klass base: 0x0000000008000000, Narrow klass shift: 0
Encoding Range: [0x0000000008000000 - 0x0000000108000000), (4294967296 bytes)
Klass Range:    [0x0000000008000000 - 0x000000001d000000), (352321536 bytes)
Klass ID Range:  [8 - 352321529) (352321521)
Protection zone: [0x0000000008000000 - 0x0000000008001000), (4096 bytes)


Internal statistics:

num_allocs_failed_limit: 3.
num_arena_births: 1598.
num_arena_deaths: 0.
num_vsnodes_births: 2.
num_vsnodes_deaths: 0.
num_space_committed: 469.
num_space_uncommitted: 0.
num_chunks_returned_to_freelist: 3.
num_chunks_taken_from_freelist: 2875.
num_chunk_merges: 3.
num_chunk_splits: 1859.
num_chunks_enlarged: 1164.
num_inconsistent_stats: 0.

CodeHeap 'non-profiled nmethods': size=119172Kb used=1496Kb max_used=1496Kb free=117675Kb
 bounds [0x00007f379bd9f000, 0x00007f379c00f000, 0x00007f37a3200000]
CodeHeap 'profiled nmethods': size=119164Kb used=7814Kb max_used=7814Kb free=111349Kb
 bounds [0x00007f3794200000, 0x00007f37949b0000, 0x00007f379b65f000]
CodeHeap 'non-nmethods': size=7424Kb used=2731Kb max_used=2931Kb free=4692Kb
 bounds [0x00007f379b65f000, 0x00007f379b95f000, 0x00007f379bd9f000]
CodeCache: size=245760Kb, used=12041Kb, max_used=12241Kb, free=233716Kb
 total_blobs=5391, nmethods=4749, adapters=544, full_count=0
Compilation: enabled, stopped_count=0, restarted_count=0

Compilation events (20 events):
Event: 7.862 Thread 0x00007f374c0196b0 nmethod 4931 0x00007f379499df88 code [0x00007f379499e080, 0x00007f379499f060]
Event: 7.863 Thread 0x00007f3748045730 nmethod 4932 0x00007f379499f088 code [0x00007f379499f180, 0x00007f379499f5c8]
Event: 7.873 Thread 0x00007f37ac10e0a0 nmethod 4591 0x00007f379bf10c08 code [0x00007f379bf10d00, 0x00007f379bf14958]
Event: 7.873 Thread 0x00007f37ac10e0a0 4925       4       java.lang.String::replace (42 bytes)
Event: 7.883 Thread 0x00007f37ac10fa60 4938       2       java.util.concurrent.atomic.AtomicLong::getAndIncrement (12 bytes)
Event: 7.883 Thread 0x00007f37ac10fa60 nmethod 4938 0x00007f379499f608 code [0x00007f379499f700, 0x00007f379499f7f8]
Event: 7.888 Thread 0x00007f37ac10e0a0 nmethod 4925 0x00007f379bf14a08 code [0x00007f379bf14b00, 0x00007f379bf151c8]
Event: 7.888 Thread 0x00007f37ac10e0a0 4575       4       org.objectweb.asm.ClassReader::readMethod (1070 bytes)
Event: 7.928 Thread 0x00007f37ac10fa60 4945       2       org.objectweb.asm.ClassReader::readPackage (7 bytes)
Event: 7.929 Thread 0x00007f3748045730 4946       2       org.objectweb.asm.commons.Remapper::mapPackageName (2 bytes)
Event: 7.929 Thread 0x00007f3748045730 nmethod 4946 0x00007f379499fc08 code [0x00007f379499fd00, 0x00007f379499fdf0]
Event: 7.929 Thread 0x00007f3748045730 4947       2       org.objectweb.asm.SymbolTable::addConstantPackage (8 bytes)
Event: 7.929 Thread 0x00007f3748045730 nmethod 4947 0x00007f379499ff08 code [0x00007f37949a0000, 0x00007f37949a0110]
Event: 7.929 Thread 0x00007f3748045730 4948       2       org.objectweb.asm.commons.ModuleRemapper::visitExport (62 bytes)
Event: 7.929 Thread 0x00007f3748045730 nmethod 4948 0x00007f37949a0208 code [0x00007f37949a0300, 0x00007f37949a0650]
Event: 7.929 Thread 0x00007f3748045730 4949       2       org.objectweb.asm.ModuleVisitor::visitExport (18 bytes)
Event: 7.930 Thread 0x00007f3748045730 nmethod 4949 0x00007f37949a0688 code [0x00007f37949a0780, 0x00007f37949a08a8]
Event: 7.930 Thread 0x00007f3748045730 4950       2       org.objectweb.asm.ModuleWriter::visitExport (111 bytes)
Event: 7.930 Thread 0x00007f3748045730 nmethod 4950 0x00007f37949a0988 code [0x00007f37949a0a80, 0x00007f37949a0db0]
Event: 7.930 Thread 0x00007f37ac10fa60 nmethod 4945 0x00007f379499f908 code [0x00007f379499fa00, 0x00007f379499fbf0]

GC Heap Usage History (20 events):
Event: 5.695 {heap Before GC invocations=6 (full 0):
 garbage-first heap   total reserved 524288K, committed 264192K, used 185840K [0x00000000e0000000, 0x0000000100000000)
  region size 1M, 139 eden (139M), 14 survivor (14M), 26 old (26M), 5 humongous (5M), 74 free (74M)
}
Event: 5.707 {heap After GC invocations=7 (full 0):
 garbage-first heap   total reserved 524288K, committed 264192K, used 50637K [0x00000000e0000000, 0x0000000100000000)
  region size 1M, 0 eden (0M), 14 survivor (14M), 32 old (32M), 5 humongous (5M), 207 free (207M)
}
Event: 6.601 {heap Before GC invocations=7 (full 0):
 garbage-first heap   total reserved 524288K, committed 264192K, used 192973K [0x00000000e0000000, 0x0000000100000000)
  region size 1M, 139 eden (139M), 14 survivor (14M), 32 old (32M), 5 humongous (5M), 68 free (68M)
}
Event: 6.606 {heap After GC invocations=8 (full 0):
 garbage-first heap   total reserved 524288K, committed 264192K, used 57647K [0x00000000e0000000, 0x0000000100000000)
  region size 1M, 0 eden (0M), 14 survivor (14M), 38 old (38M), 5 humongous (5M), 201 free (201M)
}
Event: 6.926 {heap Before GC invocations=8 (full 0):
 garbage-first heap   total reserved 524288K, committed 264192K, used 198959K [0x00000000e0000000, 0x0000000100000000)
  region size 1M, 139 eden (139M), 14 survivor (14M), 38 old (38M), 5 humongous (5M), 62 free (62M)
}
Event: 6.935 {heap After GC invocations=9 (full 0):
 garbage-first heap   total reserved 524288K, committed 264192K, used 63857K [0x00000000e0000000, 0x0000000100000000)
  region size 1M, 0 eden (0M), 14 survivor (14M), 44 old (44M), 5 humongous (5M), 195 free (195M)
}
Event: 7.147 {heap Before GC invocations=9 (full 0):
 garbage-first heap   total reserved 524288K, committed 264192K, used 205169K [0x00000000e0000000, 0x0000000100000000)
  region size 1M, 139 eden (139M), 14 survivor (14M), 44 old (44M), 5 humongous (5M), 56 free (56M)
}
Event: 7.164 {heap After GC invocations=10 (full 0):
 garbage-first heap   total reserved 524288K, committed 264192K, used 70563K [0x00000000e0000000, 0x0000000100000000)
  region size 1M, 0 eden (0M), 14 survivor (14M), 51 old (51M), 5 humongous (5M), 188 free (188M)
}
Event: 7.387 {heap Before GC invocations=10 (full 0):
 garbage-first heap   total reserved 524288K, committed 264192K, used 211875K [0x00000000e0000000, 0x0000000100000000)
  region size 1M, 139 eden (139M), 14 survivor (14M), 51 old (51M), 5 humongous (5M), 49 free (49M)
}
Event: 7.401 {heap After GC invocations=11 (full 0):
 garbage-first heap   total reserved 524288K, committed 262144K, used 76800K [0x00000000e0000000, 0x0000000100000000)
  region size 1M, 0 eden (0M), 13 survivor (13M), 57 old (57M), 5 humongous (5M), 181 free (181M)
}
Event: 7.538 {heap Before GC invocations=11 (full 0):
 garbage-first heap   total reserved 524288K, committed 262144K, used 219136K [0x00000000e0000000, 0x0000000100000000)
  region size 1M, 140 eden (140M), 13 survivor (13M), 57 old (57M), 5 humongous (5M), 41 free (41M)
}
Event: 7.550 {heap After GC invocations=12 (full 0):
 garbage-first heap   total reserved 524288K, committed 262144K, used 83833K [0x00000000e0000000, 0x0000000100000000)
  region size 1M, 0 eden (0M), 14 survivor (14M), 64 old (64M), 5 humongous (5M), 173 free (173M)
}
Event: 7.639 {heap Before GC invocations=12 (full 0):
 garbage-first heap   total reserved 524288K, committed 262144K, used 226169K [0x00000000e0000000, 0x0000000100000000)
  region size 1M, 139 eden (139M), 14 survivor (14M), 64 old (64M), 5 humongous (5M), 34 free (34M)
}
Event: 7.646 {heap After GC invocations=13 (full 0):
 garbage-first heap   total reserved 524288K, committed 262144K, used 90421K [0x00000000e0000000, 0x0000000100000000)
  region size 1M, 0 eden (0M), 14 survivor (14M), 70 old (70M), 5 humongous (5M), 167 free (167M)
}
Event: 7.725 {heap Before GC invocations=13 (full 0):
 garbage-first heap   total reserved 524288K, committed 262144K, used 231733K [0x00000000e0000000, 0x0000000100000000)
  region size 1M, 139 eden (139M), 14 survivor (14M), 70 old (70M), 5 humongous (5M), 28 free (28M)
}
Event: 7.734 {heap After GC invocations=14 (full 0):
 garbage-first heap   total reserved 524288K, committed 262144K, used 98196K [0x00000000e0000000, 0x0000000100000000)
  region size 1M, 0 eden (0M), 14 survivor (14M), 77 old (77M), 5 humongous (5M), 160 free (160M)
}
Event: 7.809 {heap Before GC invocations=14 (full 0):
 garbage-first heap   total reserved 524288K, committed 262144K, used 239508K [0x00000000e0000000, 0x0000000100000000)
  region size 1M, 139 eden (139M), 14 survivor (14M), 77 old (77M), 5 humongous (5M), 21 free (21M)
}
Event: 7.818 {heap After GC invocations=15 (full 0):
 garbage-first heap   total reserved 524288K, committed 273408K, used 103080K [0x00000000e0000000, 0x0000000100000000)
  region size 1M, 0 eden (0M), 14 survivor (14M), 83 old (83M), 5 humongous (5M), 165 free (165M)
}
Event: 7.892 {heap Before GC invocations=15 (full 0):
 garbage-first heap   total reserved 524288K, committed 273408K, used 251560K [0x00000000e0000000, 0x0000000100000000)
  region size 1M, 145 eden (145M), 14 survivor (14M), 83 old (83M), 6 humongous (6M), 19 free (19M)
}
Event: 7.897 {heap After GC invocations=16 (full 0):
 garbage-first heap   total reserved 524288K, committed 274432K, used 110283K [0x00000000e0000000, 0x0000000100000000)
  region size 1M, 0 eden (0M), 14 survivor (14M), 89 old (89M), 6 humongous (6M), 159 free (159M)
}

Metaspace Usage History (20 events):
Event: 5.695 {metaspace Before GC invocations=6 (full 0):
 Metaspace       used 28974K, committed 29952K, reserved 393216K
  class space    used 4271K, committed 4736K, reserved 327680K
}
Event: 5.707 {metaspace After GC invocations=7 (full 0):
 Metaspace       used 28974K, committed 29952K, reserved 393216K
  class space    used 4271K, committed 4736K, reserved 327680K
}
Event: 6.601 {metaspace Before GC invocations=7 (full 0):
 Metaspace       used 28993K, committed 29952K, reserved 393216K
  class space    used 4271K, committed 4736K, reserved 327680K
}
Event: 6.606 {metaspace After GC invocations=8 (full 0):
 Metaspace       used 28993K, committed 29952K, reserved 393216K
  class space    used 4271K, committed 4736K, reserved 327680K
}
Event: 6.926 {metaspace Before GC invocations=8 (full 0):
 Metaspace       used 29018K, committed 30016K, reserved 393216K
  class space    used 4271K, committed 4736K, reserved 327680K
}
Event: 6.935 {metaspace After GC invocations=9 (full 0):
 Metaspace       used 29018K, committed 30016K, reserved 393216K
  class space    used 4271K, committed 4736K, reserved 327680K
}
Event: 7.147 {metaspace Before GC invocations=9 (full 0):
 Metaspace       used 29021K, committed 30016K, reserved 393216K
  class space    used 4271K, committed 4736K, reserved 327680K
}
Event: 7.164 {metaspace After GC invocations=10 (full 0):
 Metaspace       used 29021K, committed 30016K, reserved 393216K
  class space    used 4271K, committed 4736K, reserved 327680K
}
Event: 7.387 {metaspace Before GC invocations=10 (full 0):
 Metaspace       used 29021K, committed 30016K, reserved 393216K
  class space    used 4271K, committed 4736K, reserved 327680K
}
Event: 7.401 {metaspace After GC invocations=11 (full 0):
 Metaspace       used 29021K, committed 30016K, reserved 393216K
  class space    used 4271K, committed 4736K, reserved 327680K
}
Event: 7.538 {metaspace Before GC invocations=11 (full 0):
 Metaspace       used 29022K, committed 30016K, reserved 393216K
  class space    used 4271K, committed 4736K, reserved 327680K
}
Event: 7.550 {metaspace After GC invocations=12 (full 0):
 Metaspace       used 29022K, committed 30016K, reserved 393216K
  class space    used 4271K, committed 4736K, reserved 327680K
}
Event: 7.639 {metaspace Before GC invocations=12 (full 0):
 Metaspace       used 29025K, committed 30016K, reserved 393216K
  class space    used 4271K, committed 4736K, reserved 327680K
}
Event: 7.646 {metaspace After GC invocations=13 (full 0):
 Metaspace       used 29025K, committed 30016K, reserved 393216K
  class space    used 4271K, committed 4736K, reserved 327680K
}
Event: 7.725 {metaspace Before GC invocations=13 (full 0):
 Metaspace       used 29035K, committed 30016K, reserved 393216K
  class space    used 4271K, committed 4736K, reserved 327680K
}
Event: 7.734 {metaspace After GC invocations=14 (full 0):
 Metaspace       used 29035K, committed 30016K, reserved 393216K
  class space    used 4271K, committed 4736K, reserved 327680K
}
Event: 7.809 {metaspace Before GC invocations=14 (full 0):
 Metaspace       used 29038K, committed 30016K, reserved 393216K
  class space    used 4271K, committed 4736K, reserved 327680K
}
Event: 7.818 {metaspace After GC invocations=15 (full 0):
 Metaspace       used 29038K, committed 30016K, reserved 393216K
  class space    used 4271K, committed 4736K, reserved 327680K
}
Event: 7.892 {metaspace Before GC invocations=15 (full 0):
 Metaspace       used 29039K, committed 30016K, reserved 393216K
  class space    used 4271K, committed 4736K, reserved 327680K
}
Event: 7.897 {metaspace After GC invocations=16 (full 0):
 Metaspace       used 29039K, committed 30016K, reserved 393216K
  class space    used 4271K, committed 4736K, reserved 327680K
}

Dll operation events (20 events):
Event: 0.071 Attempting to load shared library /home/vladislav/.jdks/openjdk-26/lib/libnio.so
Event: 0.071 Loaded shared library /home/vladislav/.jdks/openjdk-26/lib/libnio.so
Event: 0.075 Attempting to load shared library /home/vladislav/.jdks/openjdk-26/lib/libzip.so
Event: 0.075 Loaded shared library /home/vladislav/.jdks/openjdk-26/lib/libzip.so
Event: 0.154 Attempting to load shared library /home/vladislav/.jdks/openjdk-26/lib/libjimage.so
Event: 0.154 Loaded shared library /home/vladislav/.jdks/openjdk-26/lib/libjimage.so
Event: 0.324 Attempting to load shared library /home/vladislav/.jdks/openjdk-26/lib/libverify.so
Event: 0.325 Loaded shared library /home/vladislav/.jdks/openjdk-26/lib/libverify.so
Event: 0.345 Attempting to load shared library /home/vladislav/.jdks/openjdk-26/lib/libnet.so
Event: 0.345 Loaded shared library /home/vladislav/.jdks/openjdk-26/lib/libnet.so
Event: 0.347 Attempting to load shared library /home/vladislav/.gradle/native/660c5614fbf4a5f2a75b1949f50a0caf5cd603558e7d8a26e50b933a0cfb79d1/linux-amd64/libnative-platform.so
Event: 0.347 Loaded shared library /home/vladislav/.gradle/native/660c5614fbf4a5f2a75b1949f50a0caf5cd603558e7d8a26e50b933a0cfb79d1/linux-amd64/libnative-platform.so
Event: 0.357 Attempting to load shared library /home/vladislav/.gradle/native/0.2.8/x86_64-linux-gnu/libgradle-fileevents.so
Event: 0.357 Loaded shared library /home/vladislav/.gradle/native/0.2.8/x86_64-linux-gnu/libgradle-fileevents.so
Event: 0.932 Attempting to load shared library /home/vladislav/.jdks/openjdk-26/lib/libmanagement.so
Event: 0.932 Loaded shared library /home/vladislav/.jdks/openjdk-26/lib/libmanagement.so
Event: 0.933 Attempting to load shared library /home/vladislav/.jdks/openjdk-26/lib/libmanagement_ext.so
Event: 0.933 Loaded shared library /home/vladislav/.jdks/openjdk-26/lib/libmanagement_ext.so
Event: 1.057 Attempting to load shared library /home/vladislav/.jdks/openjdk-26/lib/libextnet.so
Event: 1.057 Loaded shared library /home/vladislav/.jdks/openjdk-26/lib/libextnet.so

Deoptimization events (20 events):
Event: 7.656 Thread 0x00007f370c9f23b0 DEOPT PACKING pc=0x00007f3794925948 sp=0x00007f37702d1980
Event: 7.656 Thread 0x00007f370c9f23b0 DEOPT UNPACKING pc=0x00007f379b6b02ef sp=0x00007f37702d0e88 mode 0
Event: 7.663 Thread 0x00007f370c9e7f50 DEOPT PACKING pc=0x00007f379497aa54 sp=0x00007f3770ad9bd0
Event: 7.663 Thread 0x00007f370c9e7f50 DEOPT UNPACKING pc=0x00007f379b6b02ef sp=0x00007f3770ad9300 mode 0
Event: 7.719 Thread 0x00007f370c9f3a00 DEOPT PACKING pc=0x00007f379497aa54 sp=0x00007f37701d0bd0
Event: 7.719 Thread 0x00007f370c9f3a00 DEOPT UNPACKING pc=0x00007f379b6b02ef sp=0x00007f37701d0300 mode 0
Event: 7.737 Thread 0x00007f370c9e92b0 DEOPT PACKING pc=0x00007f3794925948 sp=0x00007f37709d9040
Event: 7.737 Thread 0x00007f370c9e92b0 DEOPT UNPACKING pc=0x00007f379b6b02ef sp=0x00007f37709d8548 mode 0
Event: 7.757 Thread 0x00007f370c9f0e20 DEOPT PACKING pc=0x00007f379497aa54 sp=0x00007f37703d2c20
Event: 7.757 Thread 0x00007f370c9f0e20 DEOPT UNPACKING pc=0x00007f379b6b02ef sp=0x00007f37703d2350 mode 0
Event: 7.832 Thread 0x00007f370c9e5720 DEOPT PACKING pc=0x00007f379497aa54 sp=0x00007f3770cdbc20
Event: 7.832 Thread 0x00007f370c9e5720 DEOPT UNPACKING pc=0x00007f379b6b02ef sp=0x00007f3770cdb350 mode 0
Event: 7.839 Thread 0x00007f370c9e92b0 DEOPT PACKING pc=0x00007f3794925948 sp=0x00007f37709d8980
Event: 7.839 Thread 0x00007f370c9e92b0 DEOPT UNPACKING pc=0x00007f379b6b02ef sp=0x00007f37709d7e88 mode 0
Event: 7.873 Thread 0x00007f370c9e92b0 DEOPT PACKING pc=0x00007f379497aa54 sp=0x00007f37709d8bd0
Event: 7.873 Thread 0x00007f370c9e92b0 DEOPT UNPACKING pc=0x00007f379b6b02ef sp=0x00007f37709d8300 mode 0
Event: 7.898 Thread 0x00007f370c9e92b0 DEOPT PACKING pc=0x00007f3794925948 sp=0x00007f37709d8980
Event: 7.898 Thread 0x00007f370c9e92b0 DEOPT UNPACKING pc=0x00007f379b6b02ef sp=0x00007f37709d7e88 mode 0
Event: 7.940 Thread 0x00007f370c9ef690 DEOPT PACKING pc=0x00007f379497aa54 sp=0x00007f37704d3bd0
Event: 7.940 Thread 0x00007f370c9ef690 DEOPT UNPACKING pc=0x00007f379b6b02ef sp=0x00007f37704d3300 mode 0

Classes loaded (20 events):
Event: 2.960 Loading class sun/misc/Unsafe$StackWalkerHolder
Event: 2.960 Loading class sun/misc/Unsafe$StackWalkerHolder done
Event: 2.960 Loading class java/lang/StackWalker$Option
Event: 2.960 Loading class java/lang/StackWalker$Option done
Event: 2.961 Loading class java/lang/StackStreamFactory
Event: 2.961 Loading class java/lang/StackStreamFactory done
Event: 2.961 Loading class java/lang/StackWalker$ExtendedOption
Event: 2.961 Loading class java/lang/StackWalker$ExtendedOption done
Event: 2.961 Loading class java/lang/StackStreamFactory$StackFrameTraverser
Event: 2.961 Loading class java/lang/StackStreamFactory$StackFrameTraverser done
Event: 2.962 Loading class java/lang/StackStreamFactory$WalkerState
Event: 2.962 Loading class java/lang/StackStreamFactory$WalkerState done
Event: 2.962 Loading class java/lang/StackStreamFactory$StackFrameBuffer
Event: 2.962 Loading class java/lang/StackStreamFactory$FrameBuffer
Event: 2.962 Loading class java/lang/StackStreamFactory$FrameBuffer done
Event: 2.962 Loading class java/lang/StackStreamFactory$StackFrameBuffer done
Event: 2.983 Loading class java/util/zip/ZipFile$ZipEntryIterator
Event: 2.983 Loading class java/util/zip/ZipFile$ZipEntryIterator done
Event: 2.988 Loading class java/util/regex/Pattern$Caret
Event: 2.989 Loading class java/util/regex/Pattern$Caret done

Classes unloaded (0 events):
No events

Classes redefined (0 events):
No events

Internal exceptions (20 events):
Event: 2.581 Thread 0x00007f3710008a00 Exception <a 'java/lang/NoSuchMethodError'{0x00000000ee8f6d30}: 'java.lang.Object java.lang.invoke.Invokers$Holder.invoker(java.lang.Object, java.lang.Object, java.lang.Object, java.lang.Object, java.lang.Object, java.lang.Object, java.lang.Object, java.lang.Object, java.lang.Object, java.lang.Object, java.lang.Object, java.lang.Object, java.lang.Object, java.lang.Object, java.lang.Object, java.lang.Object, java.lang.Object, java.lang.Object, java.lang.Object, java.lang.Object, java.lang.Object, java.lang.
Event: 2.582 Thread 0x00007f3710008a00 Exception <a 'java/lang/NoSuchMethodError'{0x00000000ee701b38}: 'java.lang.Object java.lang.invoke.DelegatingMethodHandle$Holder.delegate(java.lang.Object, java.lang.Object, java.lang.Object, java.lang.Object, java.lang.Object, java.lang.Object, java.lang.Object, java.lang.Object, java.lang.Object, java.lang.Object, java.lang.Object, java.lang.Object, java.lang.Object, java.lang.Object, java.lang.Object, java.lang.Object, java.lang.Object, java.lang.Object, java.lang.Object, java.lang.Object, java.lang.Obj
Event: 2.599 Thread 0x00007f3710008a00 Exception <a 'java/lang/NoSuchMethodError'{0x00000000ee552d80}: 'java.lang.Object java.lang.invoke.DirectMethodHandle$Holder.invokeStaticInit(java.lang.Object, java.lang.Object, java.lang.Object)'> (0x00000000ee552d80) 
thrown [open/src/hotspot/share/interpreter/linkResolver.cpp, line 803]
Event: 2.624 Thread 0x00007f3710008a00 Exception <a 'java/lang/NoSuchMethodError'{0x00000000ee3244d0}: 'int java.lang.invoke.DirectMethodHandle$Holder.invokeStaticInit(java.lang.Object, java.lang.Object)'> (0x00000000ee3244d0) 
thrown [open/src/hotspot/share/interpreter/linkResolver.cpp, line 803]
Event: 2.642 Thread 0x00007f3710008a00 Exception <a 'java/lang/NoSuchMethodError'{0x00000000ee233e48}: 'java.lang.Object java.lang.invoke.DirectMethodHandle$Holder.invokeVirtual(java.lang.Object, java.lang.Object, java.lang.Object, java.lang.Object, java.lang.Object, java.lang.Object, java.lang.Object, java.lang.Object, java.lang.Object, java.lang.Object, java.lang.Object, java.lang.Object, java.lang.Object)'> (0x00000000ee233e48) 
thrown [open/src/hotspot/share/interpreter/linkResolver.cpp, line 803]
Event: 2.642 Thread 0x00007f3710008a00 Exception <a 'java/lang/NoSuchMethodError'{0x00000000ee23e110}: 'java.lang.Object java.lang.invoke.DirectMethodHandle$Holder.invokeSpecial(java.lang.Object, java.lang.Object, java.lang.Object, java.lang.Object, java.lang.Object, java.lang.Object, java.lang.Object, java.lang.Object, java.lang.Object, java.lang.Object, java.lang.Object, java.lang.Object, java.lang.Object, java.lang.Object)'> (0x00000000ee23e110) 
thrown [open/src/hotspot/share/interpreter/linkResolver.cpp, line 803]
Event: 2.664 Thread 0x00007f3710008a00 Exception <a 'java/lang/NoSuchMethodError'{0x00000000ee04a8d8}: 'void java.lang.invoke.DirectMethodHandle$Holder.invokeStaticInit(java.lang.Object, java.lang.Object)'> (0x00000000ee04a8d8) 
thrown [open/src/hotspot/share/interpreter/linkResolver.cpp, line 803]
Event: 2.689 Thread 0x00007f3710008a00 Exception <a 'java/lang/NoSuchMethodError'{0x00000000edeac8a8}: 'java.lang.Object java.lang.invoke.DirectMethodHandle$Holder.newInvokeSpecial(java.lang.Object, java.lang.Object, java.lang.Object, java.lang.Object, java.lang.Object, java.lang.Object, java.lang.Object, java.lang.Object, java.lang.Object, java.lang.Object, java.lang.Object, java.lang.Object, java.lang.Object, java.lang.Object, java.lang.Object)'> (0x00000000edeac8a8) 
thrown [open/src/hotspot/share/interpreter/linkResolver.cpp, line 803]
Event: 2.690 Thread 0x00007f3710008a00 Exception <a 'java/lang/NoSuchMethodError'{0x00000000edeb6c70}: 'java.lang.Object java.lang.invoke.DirectMethodHandle$Holder.invokeSpecial(java.lang.Object, java.lang.Object, java.lang.Object, java.lang.Object, java.lang.Object, java.lang.Object, java.lang.Object, java.lang.Object, java.lang.Object, java.lang.Object, java.lang.Object, java.lang.Object, java.lang.Object, java.lang.Object, java.lang.Object, java.lang.Object)'> (0x00000000edeb6c70) 
thrown [open/src/hotspot/share/interpreter/linkResolver.cpp,
Event: 2.690 Thread 0x00007f3710008a00 Exception <a 'java/lang/NoSuchMethodError'{0x00000000edec07e0}: 'java.lang.Object java.lang.invoke.DelegatingMethodHandle$Holder.reinvoke_L(java.lang.Object, java.lang.Object, java.lang.Object, java.lang.Object, java.lang.Object, java.lang.Object, java.lang.Object, java.lang.Object, java.lang.Object, java.lang.Object, java.lang.Object, java.lang.Object, java.lang.Object, java.lang.Object, java.lang.Object)'> (0x00000000edec07e0) 
thrown [open/src/hotspot/share/interpreter/linkResolver.cpp, line 803]
Event: 2.737 Thread 0x00007f3710008a00 Exception <a 'java/lang/NoSuchMethodError'{0x00000000eda35478}: 'java.lang.Object java.lang.invoke.DirectMethodHandle$Holder.newInvokeSpecial(java.lang.Object, java.lang.Object, java.lang.Object, java.lang.Object, java.lang.Object, java.lang.Object, java.lang.Object, java.lang.Object, java.lang.Object)'> (0x00000000eda35478) 
thrown [open/src/hotspot/share/interpreter/linkResolver.cpp, line 803]
Event: 2.749 Thread 0x00007f3710008a00 Exception <a 'java/lang/IncompatibleClassChangeError'{0x00000000ed928940}: Found class java.lang.Object, but interface was expected> (0x00000000ed928940) 
thrown [open/src/hotspot/share/interpreter/linkResolver.cpp, line 871]
Event: 2.785 Thread 0x00007f3710008a00 Exception <a 'java/lang/NoSuchMethodError'{0x00000000ed7a9818}: 'int java.lang.invoke.DirectMethodHandle$Holder.invokeVirtual(java.lang.Object, java.lang.Object)'> (0x00000000ed7a9818) 
thrown [open/src/hotspot/share/interpreter/linkResolver.cpp, line 803]
Event: 2.796 Thread 0x00007f370c015eb0 Exception <a 'java/lang/NoSuchMethodError'{0x00000000effc0ec0}: static Lorg/gradle/internal/build/event/types/DefaultOperationFinishedProgressEvent;.<clinit>()V> (0x00000000effc0ec0) 
thrown [open/src/hotspot/share/prims/jni.cpp, line 1104]
Event: 2.798 Thread 0x00007f370c015eb0 Exception <a 'java/lang/NoSuchMethodError'{0x00000000effd0d10}: static Lorg/gradle/internal/build/event/types/DefaultSuccessResult;.<clinit>()V> (0x00000000effd0d10) 
thrown [open/src/hotspot/share/prims/jni.cpp, line 1104]
Event: 2.798 Thread 0x00007f370c015eb0 Exception <a 'java/lang/NoSuchMethodError'{0x00000000effd1aa8}: static Lorg/gradle/internal/build/event/types/AbstractOperationResult;.<clinit>()V> (0x00000000effd1aa8) 
thrown [open/src/hotspot/share/prims/jni.cpp, line 1104]
Event: 2.798 Thread 0x00007f370c015eb0 Exception <a 'java/lang/NoSuchMethodError'{0x00000000effd2ae0}: static Lorg/gradle/internal/build/event/types/AbstractResult;.<clinit>()V> (0x00000000effd2ae0) 
thrown [open/src/hotspot/share/prims/jni.cpp, line 1104]
Event: 2.912 Thread 0x00007f3710008a00 Exception <a 'java/lang/NoSuchMethodError'{0x00000000ecd188d0}: 'java.lang.Object java.lang.invoke.Invokers$Holder.invoker(java.lang.Object, java.lang.Object, java.lang.Object, java.lang.Object, java.lang.Object, java.lang.Object)'> (0x00000000ecd188d0) 
thrown [open/src/hotspot/share/interpreter/linkResolver.cpp, line 803]
Event: 2.943 Thread 0x00007f3710008a00 Exception <a 'sun/nio/fs/UnixException'{0x00000000ec84f3a8}> (0x00000000ec84f3a8) 
thrown [open/src/hotspot/share/prims/jni.cpp, line 514]
Event: 2.944 Thread 0x00007f3710008a00 Exception <a 'sun/nio/fs/UnixException'{0x00000000ec8506c8}> (0x00000000ec8506c8) 
thrown [open/src/hotspot/share/prims/jni.cpp, line 514]

VM Operations (20 events):
Event: 5.695 Executing safepoint VM operation: G1CollectForAllocation (G1 Evacuation Pause)
Event: 5.707 Executing safepoint VM operation: G1CollectForAllocation (G1 Evacuation Pause) done
Event: 6.601 Executing safepoint VM operation: G1CollectForAllocation (G1 Evacuation Pause)
Event: 6.607 Executing safepoint VM operation: G1CollectForAllocation (G1 Evacuation Pause) done
Event: 6.926 Executing safepoint VM operation: G1CollectForAllocation (G1 Evacuation Pause)
Event: 6.937 Executing safepoint VM operation: G1CollectForAllocation (G1 Evacuation Pause) done
Event: 7.147 Executing safepoint VM operation: G1CollectForAllocation (G1 Evacuation Pause)
Event: 7.164 Executing safepoint VM operation: G1CollectForAllocation (G1 Evacuation Pause) done
Event: 7.387 Executing safepoint VM operation: G1CollectForAllocation (G1 Evacuation Pause)
Event: 7.401 Executing safepoint VM operation: G1CollectForAllocation (G1 Evacuation Pause) done
Event: 7.537 Executing safepoint VM operation: G1CollectForAllocation (G1 Evacuation Pause)
Event: 7.551 Executing safepoint VM operation: G1CollectForAllocation (G1 Evacuation Pause) done
Event: 7.639 Executing safepoint VM operation: G1CollectForAllocation (G1 Evacuation Pause)
Event: 7.646 Executing safepoint VM operation: G1CollectForAllocation (G1 Evacuation Pause) done
Event: 7.725 Executing safepoint VM operation: G1CollectForAllocation (G1 Evacuation Pause)
Event: 7.734 Executing safepoint VM operation: G1CollectForAllocation (G1 Evacuation Pause) done
Event: 7.809 Executing safepoint VM operation: G1CollectForAllocation (G1 Evacuation Pause)
Event: 7.818 Executing safepoint VM operation: G1CollectForAllocation (G1 Evacuation Pause) done
Event: 7.892 Executing safepoint VM operation: G1CollectForAllocation (G1 Evacuation Pause)
Event: 7.897 Executing safepoint VM operation: G1CollectForAllocation (G1 Evacuation Pause) done

Memory protections (20 events):
Event: 2.567 Protecting memory [0x00007f3770fe3000,0x00007f3770fe7000] with protection modes 0
Event: 2.778 Protecting memory [0x00007f3770ee2000,0x00007f3770ee6000] with protection modes 0
Event: 2.784 Protecting memory [0x00007f3770de1000,0x00007f3770de5000] with protection modes 0
Event: 2.966 Protecting memory [0x00007f3770ce0000,0x00007f3770ce4000] with protection modes 0
Event: 2.973 Protecting memory [0x00007f3770bdf000,0x00007f3770be3000] with protection modes 0
Event: 2.973 Protecting memory [0x00007f3770ade000,0x00007f3770ae2000] with protection modes 0
Event: 2.973 Protecting memory [0x00007f37709dd000,0x00007f37709e1000] with protection modes 0
Event: 2.973 Protecting memory [0x00007f37708dc000,0x00007f37708e0000] with protection modes 0
Event: 2.974 Protecting memory [0x00007f37707db000,0x00007f37707df000] with protection modes 0
Event: 2.974 Protecting memory [0x00007f37706da000,0x00007f37706de000] with protection modes 0
Event: 2.974 Protecting memory [0x00007f37705d9000,0x00007f37705dd000] with protection modes 0
Event: 2.974 Protecting memory [0x00007f37704d8000,0x00007f37704dc000] with protection modes 0
Event: 2.974 Protecting memory [0x00007f37703d7000,0x00007f37703db000] with protection modes 0
Event: 2.975 Protecting memory [0x00007f37702d6000,0x00007f37702da000] with protection modes 0
Event: 2.975 Protecting memory [0x00007f37701d5000,0x00007f37701d9000] with protection modes 0
Event: 2.975 Protecting memory [0x00007f37700d4000,0x00007f37700d8000] with protection modes 0
Event: 2.975 Protecting memory [0x00007f3687f00000,0x00007f3687f04000] with protection modes 0
Event: 2.975 Protecting memory [0x00007f3687dff000,0x00007f3687e03000] with protection modes 0
Event: 2.975 Protecting memory [0x00007f3687cfe000,0x00007f3687d02000] with protection modes 0
Event: 6.974 Protecting memory [0x00007f3687bfd000,0x00007f3687c01000] with protection modes 0

Nmethod flushes (0 events):
No events

Events (20 events):
Event: 2.567 Thread 0x00007f3710008a00 Thread added: 0x00007f370c84fd00
Event: 2.778 Thread 0x00007f3710008a00 Thread added: 0x00007f370c9053b0
Event: 2.784 Thread 0x00007f3710008a00 Thread added: 0x00007f370c90f220
Event: 2.966 Thread 0x00007f3710008a00 Thread added: 0x00007f370c9acbe0
Event: 2.973 Thread 0x00007f3710008a00 Thread added: 0x00007f370c9e5720
Event: 2.973 Thread 0x00007f3710008a00 Thread added: 0x00007f370c9e6bd0
Event: 2.973 Thread 0x00007f3710008a00 Thread added: 0x00007f370c9e7f50
Event: 2.973 Thread 0x00007f3710008a00 Thread added: 0x00007f370c9e92b0
Event: 2.974 Thread 0x00007f3710008a00 Thread added: 0x00007f370c9ea620
Event: 2.974 Thread 0x00007f3710008a00 Thread added: 0x00007f370c9eb8f0
Event: 2.974 Thread 0x00007f3710008a00 Thread added: 0x00007f370c9ecb30
Event: 2.974 Thread 0x00007f3710008a00 Thread added: 0x00007f370c9edf00
Event: 2.974 Thread 0x00007f3710008a00 Thread added: 0x00007f370c9ef690
Event: 2.975 Thread 0x00007f3710008a00 Thread added: 0x00007f370c9f0e20
Event: 2.975 Thread 0x00007f3710008a00 Thread added: 0x00007f370c9f23b0
Event: 2.975 Thread 0x00007f3710008a00 Thread added: 0x00007f370c9f3a00
Event: 2.975 Thread 0x00007f3710008a00 Thread added: 0x00007f370c9f4ba0
Event: 2.975 Thread 0x00007f3710008a00 Thread added: 0x00007f370ca3dd80
Event: 2.975 Thread 0x00007f3710008a00 Thread added: 0x00007f370ca3ebb0
Event: 6.973 Thread 0x00007f374c0196b0 Thread added: 0x00007f37402ff070


Dynamic libraries:
08000000-08001000 ---p 00000000 00:00 0 
08001000-08da6000 rw-p 00001000 103:06 12978178                          /home/vladislav/.jdks/openjdk-26/lib/server/classes.jsa
08da6000-09000000 ---p 00000000 00:00 0 
09000000-09040000 rw-p 00000000 00:00 0 
09040000-09140000 rw-p 00000000 00:00 0 
09140000-09180000 rw-p 00000000 00:00 0 
09180000-092d0000 rw-p 00000000 00:00 0 
092d0000-09300000 ---p 00000000 00:00 0 
09300000-094d0000 rw-p 00000000 00:00 0 
094d0000-1d000000 ---p 00000000 00:00 0 
e0000000-f0b00000 rw-p 00000000 00:00 0 
f0b00000-ffe00000 ---p 00000000 00:00 0 
ffe00000-fff00000 rw-p 00ddb000 103:06 12978178                          /home/vladislav/.jdks/openjdk-26/lib/server/classes.jsa
fff00000-100000000 ---p 00000000 00:00 0 
556fce8f7000-556fce8f8000 r-xp 00000000 103:06 12977761                  /home/vladislav/.jdks/openjdk-26/bin/java
556fce8f9000-556fce8fa000 r--p 00001000 103:06 12977761                  /home/vladislav/.jdks/openjdk-26/bin/java
556fce8fa000-556fce8fb000 rw-p 00002000 103:06 12977761                  /home/vladislav/.jdks/openjdk-26/bin/java
556fead93000-556feaddc000 rw-p 00000000 00:00 0                          [heap]
7f3670000000-7f3670d89000 rw-p 00000000 00:00 0 
7f3670d89000-7f3674000000 ---p 00000000 00:00 0 
7f3678000000-7f36784b5000 rw-p 00000000 00:00 0 
7f36784b5000-7f367c000000 ---p 00000000 00:00 0 
7f367c000000-7f367c021000 rw-p 00000000 00:00 0 
7f367c021000-7f3680000000 ---p 00000000 00:00 0 
7f3680000000-7f3680021000 rw-p 00000000 00:00 0 
7f3680021000-7f3684000000 ---p 00000000 00:00 0 
7f3687bfc000-7f3687bfd000 rw-p 00000000 00:00 0 
7f3687bfd000-7f3687c01000 ---p 00000000 00:00 0 
7f3687c01000-7f3687cfe000 rw-p 00000000 00:00 0 
7f3687cfe000-7f3687d02000 ---p 00000000 00:00 0 
7f3687d02000-7f3687dff000 rw-p 00000000 00:00 0 
7f3687dff000-7f3687e03000 ---p 00000000 00:00 0 
7f3687e03000-7f3687f00000 rw-p 00000000 00:00 0 
7f3687f00000-7f3687f04000 ---p 00000000 00:00 0 
7f3687f04000-7f3688000000 rw-p 00000000 00:00 0 
7f3688000000-7f3688021000 rw-p 00000000 00:00 0 
7f3688021000-7f368c000000 ---p 00000000 00:00 0 
7f368c000000-7f368c021000 rw-p 00000000 00:00 0 
7f368c021000-7f3690000000 ---p 00000000 00:00 0 
7f3690000000-7f3690023000 rw-p 00000000 00:00 0 
7f3690023000-7f3694000000 ---p 00000000 00:00 0 
7f3694000000-7f3694021000 rw-p 00000000 00:00 0 
7f3694021000-7f3698000000 ---p 00000000 00:00 0 
7f3698000000-7f3698021000 rw-p 00000000 00:00 0 
7f3698021000-7f369c000000 ---p 00000000 00:00 0 
7f369c000000-7f369c021000 rw-p 00000000 00:00 0 
7f369c021000-7f36a0000000 ---p 00000000 00:00 0 
7f36a0000000-7f36a0021000 rw-p 00000000 00:00 0 
7f36a0021000-7f36a4000000 ---p 00000000 00:00 0 
7f36a4000000-7f36a4021000 rw-p 00000000 00:00 0 
7f36a4021000-7f36a8000000 ---p 00000000 00:00 0 
7f36a8000000-7f36a8021000 rw-p 00000000 00:00 0 
7f36a8021000-7f36ac000000 ---p 00000000 00:00 0 
7f36ac000000-7f36ac021000 rw-p 00000000 00:00 0 
7f36ac021000-7f36b0000000 ---p 00000000 00:00 0 
7f36b0000000-7f36b0021000 rw-p 00000000 00:00 0 
7f36b0021000-7f36b4000000 ---p 00000000 00:00 0 
7f36b4000000-7f36b4022000 rw-p 00000000 00:00 0 
7f36b4022000-7f36b8000000 ---p 00000000 00:00 0 
7f36b8000000-7f36b8021000 rw-p 00000000 00:00 0 
7f36b8021000-7f36bc000000 ---p 00000000 00:00 0 
7f36bc000000-7f36bc047000 rw-p 00000000 00:00 0 
7f36bc047000-7f36c0000000 ---p 00000000 00:00 0 
7f36c0000000-7f36c0021000 rw-p 00000000 00:00 0 
7f36c0021000-7f36c4000000 ---p 00000000 00:00 0 
7f36c4000000-7f36c4021000 rw-p 00000000 00:00 0 
7f36c4021000-7f36c8000000 ---p 00000000 00:00 0 
7f36c8000000-7f36c8021000 rw-p 00000000 00:00 0 
7f36c8021000-7f36cc000000 ---p 00000000 00:00 0 
7f36cc000000-7f36cc021000 rw-p 00000000 00:00 0 
7f36cc021000-7f36d0000000 ---p 00000000 00:00 0 
7f36d0000000-7f36d0021000 rw-p 00000000 00:00 0 
7f36d0021000-7f36d4000000 ---p 00000000 00:00 0 
7f36d4000000-7f36d4021000 rw-p 00000000 00:00 0 
7f36d4021000-7f36d8000000 ---p 00000000 00:00 0 
7f36d8000000-7f36d8021000 rw-p 00000000 00:00 0 
7f36d8021000-7f36dc000000 ---p 00000000 00:00 0 
7f36dc000000-7f36dc021000 rw-p 00000000 00:00 0 
7f36dc021000-7f36e0000000 ---p 00000000 00:00 0 
7f36e0000000-7f36e0021000 rw-p 00000000 00:00 0 
7f36e0021000-7f36e4000000 ---p 00000000 00:00 0 
7f36e4000000-7f36e4021000 rw-p 00000000 00:00 0 
7f36e4021000-7f36e8000000 ---p 00000000 00:00 0 
7f36e8000000-7f36e8021000 rw-p 00000000 00:00 0 
7f36e8021000-7f36ec000000 ---p 00000000 00:00 0 
7f36ec000000-7f36ec021000 rw-p 00000000 00:00 0 
7f36ec021000-7f36f0000000 ---p 00000000 00:00 0 
7f36f0000000-7f36f0021000 rw-p 00000000 00:00 0 
7f36f0021000-7f36f4000000 ---p 00000000 00:00 0 
7f36f4000000-7f36f4021000 rw-p 00000000 00:00 0 
7f36f4021000-7f36f8000000 ---p 00000000 00:00 0 
7f36f8000000-7f36f8038000 rw-p 00000000 00:00 0 
7f36f8038000-7f36fc000000 ---p 00000000 00:00 0 
7f36fc000000-7f36fc021000 rw-p 00000000 00:00 0 
7f36fc021000-7f3700000000 ---p 00000000 00:00 0 
7f3700000000-7f3700021000 rw-p 00000000 00:00 0 
7f3700021000-7f3704000000 ---p 00000000 00:00 0 
7f3704000000-7f3704021000 rw-p 00000000 00:00 0 
7f3704021000-7f3708000000 ---p 00000000 00:00 0 
7f3708000000-7f3708021000 rw-p 00000000 00:00 0 
7f3708021000-7f370c000000 ---p 00000000 00:00 0 
7f370c000000-7f370ca61000 rw-p 00000000 00:00 0 
7f370ca61000-7f3710000000 ---p 00000000 00:00 0 
7f3710000000-7f3710021000 rw-p 00000000 00:00 0 
7f3710021000-7f3714000000 ---p 00000000 00:00 0 
7f3714000000-7f3714026000 rw-p 00000000 00:00 0 
7f3714026000-7f3718000000 ---p 00000000 00:00 0 
7f3718000000-7f3718021000 rw-p 00000000 00:00 0 
7f3718021000-7f371c000000 ---p 00000000 00:00 0 
7f371c000000-7f371c021000 rw-p 00000000 00:00 0 
7f371c021000-7f3720000000 ---p 00000000 00:00 0 
7f3720000000-7f3720021000 rw-p 00000000 00:00 0 
7f3720021000-7f3724000000 ---p 00000000 00:00 0 
7f3724000000-7f3724056000 rw-p 00000000 00:00 0 
7f3724056000-7f3728000000 ---p 00000000 00:00 0 
7f3728000000-7f3728021000 rw-p 00000000 00:00 0 
7f3728021000-7f372c000000 ---p 00000000 00:00 0 
7f372c000000-7f372c021000 rw-p 00000000 00:00 0 
7f372c021000-7f3730000000 ---p 00000000 00:00 0 
7f3730000000-7f3730021000 rw-p 00000000 00:00 0 
7f3730021000-7f3734000000 ---p 00000000 00:00 0 
7f3734000000-7f3734021000 rw-p 00000000 00:00 0 
7f3734021000-7f3738000000 ---p 00000000 00:00 0 
7f3738000000-7f3738021000 rw-p 00000000 00:00 0 
7f3738021000-7f373c000000 ---p 00000000 00:00 0 
7f373c000000-7f373c021000 rw-p 00000000 00:00 0 
7f373c021000-7f3740000000 ---p 00000000 00:00 0 
7f3740000000-7f374043f000 rw-p 00000000 00:00 0 
7f374043f000-7f3744000000 ---p 00000000 00:00 0 
7f3744000000-7f3744021000 rw-p 00000000 00:00 0 
7f3744021000-7f3748000000 ---p 00000000 00:00 0 
7f3748000000-7f37486e3000 rw-p 00000000 00:00 0 
7f37486e3000-7f374c000000 ---p 00000000 00:00 0 
7f374c000000-7f374c453000 rw-p 00000000 00:00 0 
7f374c453000-7f3750000000 ---p 00000000 00:00 0 
7f3750000000-7f3750021000 rw-p 00000000 00:00 0 
7f3750021000-7f3754000000 ---p 00000000 00:00 0 
7f3754000000-7f3757f98000 rw-p 00000000 00:00 0 
7f3757f98000-7f3758000000 ---p 00000000 00:00 0 
7f3758000000-7f3758021000 rw-p 00000000 00:00 0 
7f3758021000-7f375c000000 ---p 00000000 00:00 0 
7f375c000000-7f375c021000 rw-p 00000000 00:00 0 
7f375c021000-7f3760000000 ---p 00000000 00:00 0 
7f3760000000-7f3760400000 rw-p 00000000 00:00 0 
7f3760400000-7f3760900000 rw-p 00000000 00:00 0 
7f3760900000-7f3760a00000 rw-p 00000000 00:00 0 
7f3760a00000-7f3760dc0000 rw-p 00000000 00:00 0 
7f3760dc0000-7f3760e00000 rw-p 00000000 00:00 0 
7f3760e00000-7f3760f80000 rw-p 00000000 00:00 0 
7f3760f80000-7f3761000000 rw-p 00000000 00:00 0 
7f3761000000-7f37617c0000 rw-p 00000000 00:00 0 
7f37617c0000-7f3761800000 rw-p 00000000 00:00 0 
7f3761800000-7f37618b0000 rw-p 00000000 00:00 0 
7f37618b0000-7f3764000000 ---p 00000000 00:00 0 
7f3764000000-7f3764021000 rw-p 00000000 00:00 0 
7f3764021000-7f3768000000 ---p 00000000 00:00 0 
7f3768000000-7f3768024000 rw-p 00000000 00:00 0 
7f3768024000-7f376c000000 ---p 00000000 00:00 0 
7f376c000000-7f376c021000 rw-p 00000000 00:00 0 
7f376c021000-7f3770000000 ---p 00000000 00:00 0 
7f37700d3000-7f37700d4000 rw-p 00000000 00:00 0 
7f37700d4000-7f37700d8000 ---p 00000000 00:00 0 
7f37700d8000-7f37701d5000 rw-p 00000000 00:00 0 
7f37701d5000-7f37701d9000 ---p 00000000 00:00 0 
7f37701d9000-7f37702d6000 rw-p 00000000 00:00 0 
7f37702d6000-7f37702da000 ---p 00000000 00:00 0 
7f37702da000-7f37703d7000 rw-p 00000000 00:00 0 
7f37703d7000-7f37703db000 ---p 00000000 00:00 0 
7f37703db000-7f37704d8000 rw-p 00000000 00:00 0 
7f37704d8000-7f37704dc000 ---p 00000000 00:00 0 
7f37704dc000-7f37705d9000 rw-p 00000000 00:00 0 
7f37705d9000-7f37705dd000 ---p 00000000 00:00 0 
7f37705dd000-7f37706da000 rw-p 00000000 00:00 0 
7f37706da000-7f37706de000 ---p 00000000 00:00 0 
7f37706de000-7f37707db000 rw-p 00000000 00:00 0 
7f37707db000-7f37707df000 ---p 00000000 00:00 0 
7f37707df000-7f37708dc000 rw-p 00000000 00:00 0 
7f37708dc000-7f37708e0000 ---p 00000000 00:00 0 
7f37708e0000-7f37709dd000 rw-p 00000000 00:00 0 
7f37709dd000-7f37709e1000 ---p 00000000 00:00 0 
7f37709e1000-7f3770ade000 rw-p 00000000 00:00 0 
7f3770ade000-7f3770ae2000 ---p 00000000 00:00 0 
7f3770ae2000-7f3770bdf000 rw-p 00000000 00:00 0 
7f3770bdf000-7f3770be3000 ---p 00000000 00:00 0 
7f3770be3000-7f3770ce0000 rw-p 00000000 00:00 0 
7f3770ce0000-7f3770ce4000 ---p 00000000 00:00 0 
7f3770ce4000-7f3770de1000 rw-p 00000000 00:00 0 
7f3770de1000-7f3770de5000 ---p 00000000 00:00 0 
7f3770de5000-7f3770ee2000 rw-p 00000000 00:00 0 
7f3770ee2000-7f3770ee6000 ---p 00000000 00:00 0 
7f3770ee6000-7f3770fe3000 rw-p 00000000 00:00 0 
7f3770fe3000-7f3770fe7000 ---p 00000000 00:00 0 
7f3770fe7000-7f37710e4000 rw-p 00000000 00:00 0 
7f37710e4000-7f37710e8000 ---p 00000000 00:00 0 
7f37710e8000-7f3771aee000 rw-p 00000000 00:00 0 
7f3771aee000-7f3771af2000 ---p 00000000 00:00 0 
7f3771af2000-7f3771bef000 rw-p 00000000 00:00 0 
7f3771bef000-7f3771bf3000 ---p 00000000 00:00 0 
7f3771bf3000-7f3771cf0000 rw-p 00000000 00:00 0 
7f3771cf0000-7f3771cf4000 ---p 00000000 00:00 0 
7f3771cf4000-7f3771df1000 rw-p 00000000 00:00 0 
7f3771df1000-7f3771df5000 ---p 00000000 00:00 0 
7f3771df5000-7f3771ef2000 rw-p 00000000 00:00 0 
7f3771ef2000-7f3771ef6000 ---p 00000000 00:00 0 
7f3771ef6000-7f3771ff3000 rw-p 00000000 00:00 0 
7f3771ff3000-7f3771ff7000 ---p 00000000 00:00 0 
7f3771ff7000-7f37720f4000 rw-p 00000000 00:00 0 
7f37720f4000-7f37720f8000 ---p 00000000 00:00 0 
7f37720f8000-7f37721f5000 rw-p 00000000 00:00 0 
7f37721f5000-7f37721f9000 ---p 00000000 00:00 0 
7f37721f9000-7f37722f6000 rw-p 00000000 00:00 0 
7f37722f6000-7f37722fa000 ---p 00000000 00:00 0 
7f37722fa000-7f37723f7000 rw-p 00000000 00:00 0 
7f37723f7000-7f37723fb000 ---p 00000000 00:00 0 
7f37723fb000-7f37724f8000 rw-p 00000000 00:00 0 
7f37724f8000-7f37724fc000 ---p 00000000 00:00 0 
7f37724fc000-7f37725f9000 rw-p 00000000 00:00 0 
7f37725f9000-7f37725fd000 ---p 00000000 00:00 0 
7f37725fd000-7f37726fa000 rw-p 00000000 00:00 0 
7f37726fa000-7f37726fe000 ---p 00000000 00:00 0 
7f37726fe000-7f37727fb000 rw-p 00000000 00:00 0 
7f37727fb000-7f37727ff000 ---p 00000000 00:00 0 
7f37727ff000-7f3772e00000 rw-p 00000000 00:00 0 
7f3772e00000-7f3772e05000 r-xp 00000000 103:06 12977474                  /home/vladislav/.gradle/native/660c5614fbf4a5f2a75b1949f50a0caf5cd603558e7d8a26e50b933a0cfb79d1/linux-amd64/libnative-platform.so
7f3772e05000-7f3773005000 ---p 00005000 103:06 12977474                  /home/vladislav/.gradle/native/660c5614fbf4a5f2a75b1949f50a0caf5cd603558e7d8a26e50b933a0cfb79d1/linux-amd64/libnative-platform.so
7f3773005000-7f3773006000 r--p 00005000 103:06 12977474                  /home/vladislav/.gradle/native/660c5614fbf4a5f2a75b1949f50a0caf5cd603558e7d8a26e50b933a0cfb79d1/linux-amd64/libnative-platform.so
7f3773006000-7f3773007000 rw-p 00006000 103:06 12977474                  /home/vladislav/.gradle/native/660c5614fbf4a5f2a75b1949f50a0caf5cd603558e7d8a26e50b933a0cfb79d1/linux-amd64/libnative-platform.so
7f37730f7000-7f37730f8000 rw-p 00000000 00:00 0 
7f37730f8000-7f37730fc000 ---p 00000000 00:00 0 
7f37730fc000-7f37731f9000 rw-p 00000000 00:00 0 
7f37731f9000-7f37731fd000 ---p 00000000 00:00 0 
7f37731fd000-7f37732fa000 rw-p 00000000 00:00 0 
7f37732fa000-7f37732fe000 ---p 00000000 00:00 0 
7f37732fe000-7f37733fb000 rw-p 00000000 00:00 0 
7f37733fb000-7f37733ff000 ---p 00000000 00:00 0 
7f37733ff000-7f37734fc000 rw-p 00000000 00:00 0 
7f37734fc000-7f3773500000 ---p 00000000 00:00 0 
7f3773500000-7f37735fd000 rw-p 00000000 00:00 0 
7f37735fd000-7f3773601000 ---p 00000000 00:00 0 
7f3773601000-7f37736fe000 rw-p 00000000 00:00 0 
7f37736fe000-7f3773702000 ---p 00000000 00:00 0 
7f3773702000-7f37737ff000 rw-p 00000000 00:00 0 
7f37737ff000-7f3773803000 ---p 00000000 00:00 0 
7f3773803000-7f3773900000 rw-p 00000000 00:00 0 
7f3773900000-7f3773904000 ---p 00000000 00:00 0 
7f3773904000-7f3773a00000 rw-p 00000000 00:00 0 
7f3773a00000-7f3773ced000 r--p 00000000 103:06 11567061                  /usr/lib/locale/locale-archive
7f3773cfd000-7f3773f00000 rw-p 00000000 00:00 0 
7f3773f00000-7f3773f04000 ---p 00000000 00:00 0 
7f3773f04000-7f3774000000 rw-p 00000000 00:00 0 
7f3774000000-7f3774021000 rw-p 00000000 00:00 0 
7f3774021000-7f3778000000 ---p 00000000 00:00 0 
7f3778000000-7f3778021000 rw-p 00000000 00:00 0 
7f3778021000-7f377c000000 ---p 00000000 00:00 0 
7f377c000000-7f377c021000 rw-p 00000000 00:00 0 
7f377c021000-7f3780000000 ---p 00000000 00:00 0 
7f3780000000-7f3780021000 rw-p 00000000 00:00 0 
7f3780021000-7f3784000000 ---p 00000000 00:00 0 
7f3784000000-7f3784021000 rw-p 00000000 00:00 0 
7f3784021000-7f3788000000 ---p 00000000 00:00 0 
7f3788000000-7f3788021000 rw-p 00000000 00:00 0 
7f3788021000-7f378c000000 ---p 00000000 00:00 0 
7f378c000000-7f378c021000 rw-p 00000000 00:00 0 
7f378c021000-7f3790000000 ---p 00000000 00:00 0 
7f37900ef000-7f37900f0000 rw-p 00000000 00:00 0 
7f37900f0000-7f37900f4000 ---p 00000000 00:00 0 
7f37900f4000-7f37904f3000 rw-p 00000000 00:00 0 
7f37904f3000-7f3793200000 rw-p 00000000 00:00 0 
7f3793212000-7f379324e000 r--p 00000000 103:06 12977491                  /home/vladislav/.gradle/native/0.2.8/x86_64-linux-gnu/libgradle-fileevents.so
7f379324e000-7f3793296000 r-xp 0003b000 103:06 12977491                  /home/vladislav/.gradle/native/0.2.8/x86_64-linux-gnu/libgradle-fileevents.so
7f3793296000-7f379329f000 r--p 00082000 103:06 12977491                  /home/vladislav/.gradle/native/0.2.8/x86_64-linux-gnu/libgradle-fileevents.so
7f379329f000-7f37932a0000 rw-p 0008a000 103:06 12977491                  /home/vladislav/.gradle/native/0.2.8/x86_64-linux-gnu/libgradle-fileevents.so
7f37932a0000-7f37932fd000 rw-p 00000000 00:00 0 
7f37932fd000-7f3793600000 rw-p 00000000 00:00 0 
7f3793600000-7f3793a2c000 rw-p 00000000 00:00 0 
7f3793a2c000-7f3793df8000 ---p 00000000 00:00 0 
7f3793df8000-7f3793dfc000 rw-p 00000000 00:00 0 
7f3793dfc000-7f3793e00000 ---p 00000000 00:00 0 
7f3793e3e000-7f3793f86000 rw-p 00000000 00:00 0 
7f3793f86000-7f3793fff000 ---p 00000000 00:00 0 
7f3793fff000-7f3794086000 rw-p 00000000 00:00 0 
7f3794086000-7f37940ff000 ---p 00000000 00:00 0 
7f37940ff000-7f3794186000 rw-p 00000000 00:00 0 
7f3794186000-7f37941ff000 ---p 00000000 00:00 0 
7f37941ff000-7f3794200000 rw-p 00000000 00:00 0 
7f3794200000-7f37949b0000 rwxp 00000000 00:00 0 
7f37949b0000-7f379b65f000 ---p 00000000 00:00 0 
7f379b65f000-7f379b95f000 rwxp 00000000 00:00 0 
7f379b95f000-7f379bd9f000 ---p 00000000 00:00 0 
7f379bd9f000-7f379c00f000 rwxp 00000000 00:00 0 
7f379c00f000-7f37a3200000 ---p 00000000 00:00 0 
7f37a3200000-7f37abec6000 r--s 00000000 103:06 12978172                  /home/vladislav/.jdks/openjdk-26/lib/modules
7f37abecb000-7f37abed2000 r--s 00000000 103:06 11567062                  /usr/lib/gconv/gconv-modules.cache
7f37abed2000-7f37abed8000 r-xp 00000000 103:06 12978158                  /home/vladislav/.jdks/openjdk-26/lib/libmanagement_ext.so
7f37abed8000-7f37abed9000 r--p 00005000 103:06 12978158                  /home/vladislav/.jdks/openjdk-26/lib/libmanagement_ext.so
7f37abed9000-7f37abeda000 rw-p 00006000 103:06 12978158                  /home/vladislav/.jdks/openjdk-26/lib/libmanagement_ext.so
7f37abeda000-7f37abede000 r-xp 00000000 103:06 12978157                  /home/vladislav/.jdks/openjdk-26/lib/libmanagement.so
7f37abede000-7f37abedf000 r--p 00003000 103:06 12978157                  /home/vladislav/.jdks/openjdk-26/lib/libmanagement.so
7f37abedf000-7f37abee0000 rw-p 00004000 103:06 12978157                  /home/vladislav/.jdks/openjdk-26/lib/libmanagement.so
7f37abee0000-7f37abeee000 r-xp 00000000 103:06 12978170                  /home/vladislav/.jdks/openjdk-26/lib/libverify.so
7f37abeee000-7f37abef0000 r--p 0000d000 103:06 12978170                  /home/vladislav/.jdks/openjdk-26/lib/libverify.so
7f37abef0000-7f37abef1000 rw-p 0000f000 103:06 12978170                  /home/vladislav/.jdks/openjdk-26/lib/libverify.so
7f37abef1000-7f37abefc000 r-xp 00000000 103:06 12978161                  /home/vladislav/.jdks/openjdk-26/lib/libnet.so
7f37abefc000-7f37abefd000 ---p 0000b000 103:06 12978161                  /home/vladislav/.jdks/openjdk-26/lib/libnet.so
7f37abefd000-7f37abefe000 r--p 0000b000 103:06 12978161                  /home/vladislav/.jdks/openjdk-26/lib/libnet.so
7f37abefe000-7f37abeff000 rw-p 0000c000 103:06 12978161                  /home/vladislav/.jdks/openjdk-26/lib/libnet.so
7f37abeff000-7f37ada78000 rw-p 00000000 00:00 0 
7f37ada78000-7f37b0000000 ---p 00000000 00:00 0 
7f37b0002000-7f37b0016000 r-xp 00000000 103:06 12978162                  /home/vladislav/.jdks/openjdk-26/lib/libnio.so
7f37b0016000-7f37b0017000 r--p 00013000 103:06 12978162                  /home/vladislav/.jdks/openjdk-26/lib/libnio.so
7f37b0017000-7f37b0018000 rw-p 00014000 103:06 12978162                  /home/vladislav/.jdks/openjdk-26/lib/libnio.so
7f37b0018000-7f37b001f000 r-xp 00000000 103:06 12978171                  /home/vladislav/.jdks/openjdk-26/lib/libzip.so
7f37b001f000-7f37b0020000 ---p 00007000 103:06 12978171                  /home/vladislav/.jdks/openjdk-26/lib/libzip.so
7f37b0020000-7f37b0021000 r--p 00007000 103:06 12978171                  /home/vladislav/.jdks/openjdk-26/lib/libzip.so
7f37b0021000-7f37b0022000 rw-p 00008000 103:06 12978171                  /home/vladislav/.jdks/openjdk-26/lib/libzip.so
7f37b0022000-7f37b0c33000 rw-p 00000000 00:00 0 
7f37b0c33000-7f37b0d17000 ---p 00000000 00:00 0 
7f37b0d17000-7f37b0d27000 rw-p 00000000 00:00 0 
7f37b0d27000-7f37b0e00000 ---p 00000000 00:00 0 
7f37b0e00000-7f37b22a9000 r-xp 00000000 103:06 12978183                  /home/vladislav/.jdks/openjdk-26/lib/server/libjvm.so
7f37b22a9000-7f37b2398000 r--p 014a8000 103:06 12978183                  /home/vladislav/.jdks/openjdk-26/lib/server/libjvm.so
7f37b2398000-7f37b23c1000 rw-p 01597000 103:06 12978183                  /home/vladislav/.jdks/openjdk-26/lib/server/libjvm.so
7f37b23c1000-7f37b2444000 rw-p 00000000 00:00 0 
7f37b2448000-7f37b2486000 r-xp 00000000 103:06 12978167                  /home/vladislav/.jdks/openjdk-26/lib/libsimdsort.so
7f37b2486000-7f37b2487000 ---p 0003e000 103:06 12978167                  /home/vladislav/.jdks/openjdk-26/lib/libsimdsort.so
7f37b2487000-7f37b2488000 r--p 0003e000 103:06 12978167                  /home/vladislav/.jdks/openjdk-26/lib/libsimdsort.so
7f37b2488000-7f37b2489000 rw-p 0003f000 103:06 12978167                  /home/vladislav/.jdks/openjdk-26/lib/libsimdsort.so
7f37b2489000-7f37b24a1000 rw-p 00000000 00:00 0 
7f37b24a1000-7f37b24aa000 ---p 00000000 00:00 0 
7f37b24aa000-7f37b24ca000 r-xp 00000000 103:06 12978147                  /home/vladislav/.jdks/openjdk-26/lib/libjava.so
7f37b24ca000-7f37b24cb000 r--p 0001f000 103:06 12978147                  /home/vladislav/.jdks/openjdk-26/lib/libjava.so
7f37b24cb000-7f37b24cc000 rw-p 00020000 103:06 12978147                  /home/vladislav/.jdks/openjdk-26/lib/libjava.so
7f37b24cc000-7f37b24cd000 rw-p 00000000 00:00 0 
7f37b24cd000-7f37b24dd000 r--p 00000000 103:06 11537433                  /usr/lib/libm.so.6
7f37b24dd000-7f37b2576000 r-xp 00010000 103:06 11537433                  /usr/lib/libm.so.6
7f37b2576000-7f37b25fe000 r--p 000a9000 103:06 11537433                  /usr/lib/libm.so.6
7f37b25fe000-7f37b25ff000 r--p 00130000 103:06 11537433                  /usr/lib/libm.so.6
7f37b25ff000-7f37b2600000 rw-p 00131000 103:06 11537433                  /usr/lib/libm.so.6
7f37b2600000-7f37b2624000 r--p 00000000 103:06 11537418                  /usr/lib/libc.so.6
7f37b2624000-7f37b279a000 r-xp 00024000 103:06 11537418                  /usr/lib/libc.so.6
7f37b279a000-7f37b280f000 r--p 0019a000 103:06 11537418                  /usr/lib/libc.so.6
7f37b280f000-7f37b2813000 r--p 0020e000 103:06 11537418                  /usr/lib/libc.so.6
7f37b2813000-7f37b2815000 rw-p 00212000 103:06 11537418                  /usr/lib/libc.so.6
7f37b2815000-7f37b281d000 rw-p 00000000 00:00 0 
7f37b281d000-7f37b2825000 rw-s 00000000 00:29 1106                       /tmp/hsperfdata_vladislav/52549
7f37b2825000-7f37b282f000 r-xp 00000000 103:06 12978142                  /home/vladislav/.jdks/openjdk-26/lib/libinstrument.so
7f37b282f000-7f37b2830000 ---p 0000a000 103:06 12978142                  /home/vladislav/.jdks/openjdk-26/lib/libinstrument.so
7f37b2830000-7f37b2831000 r--p 0000a000 103:06 12978142                  /home/vladislav/.jdks/openjdk-26/lib/libinstrument.so
7f37b2831000-7f37b2832000 rw-p 0000b000 103:06 12978142                  /home/vladislav/.jdks/openjdk-26/lib/libinstrument.so
7f37b2832000-7f37b2836000 ---p 00000000 00:00 0 
7f37b2836000-7f37b2932000 rw-p 00000000 00:00 0 
7f37b2932000-7f37b2933000 r--p 00000000 103:06 11537464                  /usr/lib/librt.so.1
7f37b2933000-7f37b2934000 r-xp 00001000 103:06 11537464                  /usr/lib/librt.so.1
7f37b2934000-7f37b2935000 r--p 00002000 103:06 11537464                  /usr/lib/librt.so.1
7f37b2935000-7f37b2936000 r--p 00002000 103:06 11537464                  /usr/lib/librt.so.1
7f37b2936000-7f37b2937000 rw-p 00003000 103:06 11537464                  /usr/lib/librt.so.1
7f37b2937000-7f37b293b000 rw-p 00000000 00:00 0 
7f37b293b000-7f37b293c000 r--p 00000000 103:06 11537459                  /usr/lib/libpthread.so.0
7f37b293c000-7f37b293d000 r-xp 00001000 103:06 11537459                  /usr/lib/libpthread.so.0
7f37b293d000-7f37b293e000 r--p 00002000 103:06 11537459                  /usr/lib/libpthread.so.0
7f37b293e000-7f37b293f000 r--p 00002000 103:06 11537459                  /usr/lib/libpthread.so.0
7f37b293f000-7f37b2940000 rw-p 00003000 103:06 11537459                  /usr/lib/libpthread.so.0
7f37b2940000-7f37b2941000 r--p 00000000 103:06 11537425                  /usr/lib/libdl.so.2
7f37b2941000-7f37b2942000 r-xp 00001000 103:06 11537425                  /usr/lib/libdl.so.2
7f37b2942000-7f37b2943000 r--p 00002000 103:06 11537425                  /usr/lib/libdl.so.2
7f37b2943000-7f37b2944000 r--p 00002000 103:06 11537425                  /usr/lib/libdl.so.2
7f37b2944000-7f37b2945000 rw-p 00003000 103:06 11537425                  /usr/lib/libdl.so.2
7f37b2945000-7f37b2948000 r--p 00000000 103:06 11541547                  /usr/lib/libz.so.1.3.2
7f37b2948000-7f37b2958000 r-xp 00003000 103:06 11541547                  /usr/lib/libz.so.1.3.2
7f37b2958000-7f37b295e000 r--p 00013000 103:06 11541547                  /usr/lib/libz.so.1.3.2
7f37b295e000-7f37b295f000 r--p 00018000 103:06 11541547                  /usr/lib/libz.so.1.3.2
7f37b295f000-7f37b2960000 rw-p 00019000 103:06 11541547                  /usr/lib/libz.so.1.3.2
7f37b2961000-7f37b2963000 r-xp 00000000 103:06 12978140                  /home/vladislav/.jdks/openjdk-26/lib/libextnet.so
7f37b2963000-7f37b2964000 r--p 00001000 103:06 12978140                  /home/vladislav/.jdks/openjdk-26/lib/libextnet.so
7f37b2964000-7f37b2965000 rw-p 00002000 103:06 12978140                  /home/vladislav/.jdks/openjdk-26/lib/libextnet.so
7f37b2965000-7f37b2966000 ---p 00000000 00:00 0 
7f37b2966000-7f37b2967000 r--p 00000000 00:00 0 
7f37b2967000-7f37b2968000 ---p 00000000 00:00 0 
7f37b2968000-7f37b2988000 r-xp 00000000 103:06 12978151                  /home/vladislav/.jdks/openjdk-26/lib/libjimage.so
7f37b2988000-7f37b2989000 ---p 00020000 103:06 12978151                  /home/vladislav/.jdks/openjdk-26/lib/libjimage.so
7f37b2989000-7f37b298b000 r--p 00020000 103:06 12978151                  /home/vladislav/.jdks/openjdk-26/lib/libjimage.so
7f37b298b000-7f37b298c000 rw-p 00022000 103:06 12978151                  /home/vladislav/.jdks/openjdk-26/lib/libjimage.so
7f37b298c000-7f37b299b000 r-xp 00000000 103:06 12978152                  /home/vladislav/.jdks/openjdk-26/lib/libjli.so
7f37b299b000-7f37b299c000 r--p 0000e000 103:06 12978152                  /home/vladislav/.jdks/openjdk-26/lib/libjli.so
7f37b299c000-7f37b299d000 rw-p 0000f000 103:06 12978152                  /home/vladislav/.jdks/openjdk-26/lib/libjli.so
7f37b299d000-7f37b299f000 rw-p 00000000 00:00 0 
7f37b299f000-7f37b29a3000 r--p 00000000 00:00 0                          [vvar]
7f37b29a3000-7f37b29a5000 r--p 00000000 00:00 0                          [vvar_vclock]
7f37b29a5000-7f37b29a7000 r-xp 00000000 00:00 0                          [vdso]
7f37b29a7000-7f37b29a8000 r--p 00000000 103:06 11537406                  /usr/lib/ld-linux-x86-64.so.2
7f37b29a8000-7f37b29d2000 r-xp 00001000 103:06 11537406                  /usr/lib/ld-linux-x86-64.so.2
7f37b29d2000-7f37b29e1000 r--p 0002b000 103:06 11537406                  /usr/lib/ld-linux-x86-64.so.2
7f37b29e1000-7f37b29e3000 r--p 00039000 103:06 11537406                  /usr/lib/ld-linux-x86-64.so.2
7f37b29e3000-7f37b29e4000 rw-p 0003b000 103:06 11537406                  /usr/lib/ld-linux-x86-64.so.2
7f37b29e4000-7f37b29e5000 rw-p 00000000 00:00 0 
7ffc458a3000-7ffc458c4000 rw-p 00000000 00:00 0                          [stack]
ffffffffff600000-ffffffffff601000 --xp 00000000 00:00 0                  [vsyscall]
Total number of mappings: 397

JVMTI agents:
/home/vladislav/.gradle/wrapper/dists/gradle-9.5.1-bin/iq79hdu3mqx29lgffhp8bfmx/gradle-9.5.1/lib/agents/gradle-instrumentation-agent-9.5.1.jar path:none, loaded, initialized, instrumentlib options:none


VM Arguments:
jvm_args: --add-opens=java.base/java.lang=ALL-UNNAMED --add-opens=java.base/java.lang.invoke=ALL-UNNAMED --add-opens=java.base/java.util=ALL-UNNAMED --add-opens=java.prefs/java.util.prefs=ALL-UNNAMED --add-exports=jdk.compiler/com.sun.tools.javac.api=ALL-UNNAMED --add-exports=jdk.compiler/com.sun.tools.javac.util=ALL-UNNAMED --add-opens=java.base/java.nio.charset=ALL-UNNAMED --add-opens=java.base/java.net=ALL-UNNAMED --add-opens=java.base/java.util.concurrent=ALL-UNNAMED --add-opens=java.base/java.util.concurrent.atomic=ALL-UNNAMED --add-opens=java.xml/javax.xml.namespace=ALL-UNNAMED --add-opens=java.base/java.time=ALL-UNNAMED --enable-native-access=ALL-UNNAMED -XX:MaxMetaspaceSize=384m -XX:+HeapDumpOnOutOfMemoryError -Xms256m -Xmx512m -Dfile.encoding=UTF-8 -Duser.country=US -Duser.language=en -Duser.variant -javaagent:/home/vladislav/.gradle/wrapper/dists/gradle-9.5.1-bin/iq79hdu3mqx29lgffhp8bfmx/gradle-9.5.1/lib/agents/gradle-instrumentation-agent-9.5.1.jar 
java_command: org.gradle.launcher.daemon.bootstrap.GradleDaemon 9.5.1
java_class_path (initial): /home/vladislav/.gradle/wrapper/dists/gradle-9.5.1-bin/iq79hdu3mqx29lgffhp8bfmx/gradle-9.5.1/lib/gradle-daemon-main-9.5.1.jar
Launcher Type: SUN_STANDARD

[Global flags]
     bool AOTAdapterCaching                        = false                                  {diagnostic} {ergonomic}
     bool AOTInvokeDynamicLinking                  = false                                  {diagnostic} {ergonomic}
     bool AOTRecordTraining                        = false                                  {diagnostic} {ergonomic}
     bool AOTReplayTraining                        = false                                  {diagnostic} {ergonomic}
     bool AOTStubCaching                           = false                                  {diagnostic} {ergonomic}
     intx CICompilerCount                          = 12                                        {product} {ergonomic}
   size_t CompressedClassSpaceSize                 = 335544320                                 {product} {ergonomic}
     uint ConcGCThreads                            = 3                                         {product} {ergonomic}
     uint G1ConcRefinementThreads                  = 13                                        {product} {ergonomic}
     uint G1EagerReclaimRemSetThreshold            = 10                                   {experimental} {ergonomic}
   size_t G1HeapRegionSize                         = 1048576                                   {product} {ergonomic}
     uint G1RemSetArrayOfCardsEntries              = 10                                   {experimental} {ergonomic}
     uint G1RemSetHowlMaxNumBuckets                = 8                                    {experimental} {ergonomic}
     uint G1RemSetHowlNumBuckets                   = 4                                    {experimental} {ergonomic}
     bool HeapDumpOnOutOfMemoryError               = true                                   {manageable} {command line}
   size_t InitialHeapSize                          = 268435456                                 {product} {command line}
     bool IntelJccErratumMitigation                = false                             {ARCH diagnostic} {ergonomic}
   size_t MarkStackSize                            = 4194304                                   {product} {ergonomic}
   size_t MarkStackSizeMax                         = 536870912                                 {product} {ergonomic}
   size_t MaxHeapSize                              = 536870912                                 {product} {command line}
   size_t MaxMetaspaceSize                         = 402653184                                 {product} {command line}
   size_t MaxNewSize                               = 321912832                                 {product} {ergonomic}
 uint64_t MaxRAM                                   = 16145510400                               {product} {ergonomic}
   size_t MinHeapDeltaBytes                        = 1048576                                   {product} {ergonomic}
   size_t MinHeapSize                              = 268435456                                 {product} {command line}
   size_t NonNMethodCodeHeapSize                   = 7602176                                {pd product} {ergonomic}
   size_t NonProfiledCodeHeapSize                  = 122032128                              {pd product} {ergonomic}
   size_t ProfiledCodeHeapSize                     = 122023936                              {pd product} {ergonomic}
   size_t ReservedCodeCacheSize                    = 251658240                              {pd product} {ergonomic}
     bool SegmentedCodeCache                       = true                                      {product} {ergonomic}
   size_t SoftMaxHeapSize                          = 536870912                              {manageable} {ergonomic}
     bool UseCompressedOops                        = true                           {product lp64_product} {ergonomic}
     bool UseCondCardMark                          = true                                      {product} {ergonomic}
     bool UseFastUnorderedTimeStamps               = true                                 {experimental} {ergonomic}
     bool UseG1GC                                  = true                                      {product} {ergonomic}
      int X86ICacheSync                            = 3                                 {ARCH diagnostic} {ergonomic}

Logging:
Log output configuration:
 #0: stdout all=warning uptime,level,tags foldmultilines=false
 #1: stderr all=off uptime,level,tags foldmultilines=false

Release file:
IMPLEMENTOR="Oracle Corporation"
JAVA_RUNTIME_VERSION="26+35-2893"
JAVA_VERSION="26"
JAVA_VERSION_DATE="2026-03-17"
LIBC="gnu"
MODULES="java.base java.compiler java.datatransfer java.xml java.prefs java.desktop java.instrument java.logging java.management java.security.sasl java.naming java.rmi java.management.rmi java.net.http java.scripting java.security.jgss java.transaction.xa java.sql java.sql.rowset java.xml.crypto java.se java.smartcardio jdk.accessibility jdk.internal.jvmstat jdk.attach jdk.charsets jdk.internal.opt jdk.zipfs jdk.compiler jdk.crypto.cryptoki jdk.crypto.ec jdk.dynalink jdk.internal.ed jdk.editpad jdk.internal.vm.ci jdk.graal.compiler jdk.graal.compiler.management jdk.hotspot.agent jdk.httpserver jdk.incubator.vector jdk.internal.le jdk.internal.md jdk.jartool jdk.javadoc jdk.jcmd jdk.management jdk.management.agent jdk.jconsole jdk.jdeps jdk.jdwp.agent jdk.jdi jdk.jfr jdk.jlink jdk.jpackage jdk.jshell jdk.jstatd jdk.localedata jdk.management.jfr jdk.naming.dns jdk.naming.rmi jdk.net jdk.nio.mapmode jdk.sctp jdk.security.auth jdk.security.jgss jdk.unsupported jdk.unsupported.desktop jdk.xml.dom"
OS_ARCH="x86_64"
OS_NAME="Linux"
SOURCE=".:git:4408cd2a07a1"

Environment Variables:
PATH=/home/vladislav/.local/bin:/home/vladislav/.cargo/bin:/home/vladislav/.nvm/versions/node/v25.9.0/bin:/home/vladislav/.opencode/bin:/usr/local/sbin:/usr/local/bin:/usr/bin:/var/lib/flatpak/exports/bin:/usr/lib/jvm/default/bin:/usr/bin/site_perl:/usr/bin/vendor_perl:/usr/bin/core_perl
SHELL=/bin/bash
DISPLAY=:0
WAYLAND_DISPLAY=wayland-1
LANG=en_US.UTF-8
TERM=linux

Active Locale:
LC_ALL=en_US.UTF-8
LC_COLLATE=en_US.UTF-8
LC_CTYPE=en_US.UTF-8
LC_MESSAGES=en_US.UTF-8
LC_MONETARY=en_US.UTF-8
LC_NUMERIC=en_US.UTF-8
LC_TIME=en_US.UTF-8

Signal Handlers:
   SIGSEGV: crash_handler in libjvm.so, mask=11100100010111111101111111111110, flags=SA_RESTART|SA_SIGINFO, unblocked
    SIGBUS: crash_handler in libjvm.so, mask=11100100010111111101111111111110, flags=SA_RESTART|SA_SIGINFO, unblocked
    SIGFPE: crash_handler in libjvm.so, mask=11100100010111111101111111111110, flags=SA_RESTART|SA_SIGINFO, unblocked
   SIGPIPE: javaSignalHandler in libjvm.so, mask=11100100010111111101111111111110, flags=SA_RESTART|SA_SIGINFO, blocked
   SIGXFSZ: javaSignalHandler in libjvm.so, mask=11100100010111111101111111111110, flags=SA_RESTART|SA_SIGINFO, blocked
    SIGILL: crash_handler in libjvm.so, mask=11100100010111111101111111111110, flags=SA_RESTART|SA_SIGINFO, unblocked
   SIGUSR2: SR_handler in libjvm.so, mask=00000000000000000000000000000000, flags=SA_RESTART|SA_SIGINFO, blocked
    SIGHUP: UserHandler in libjvm.so, mask=11100100010111111101111111111110, flags=SA_RESTART|SA_SIGINFO, blocked
    SIGINT: UserHandler in libjvm.so, mask=11100100010111111101111111111110, flags=SA_RESTART|SA_SIGINFO, blocked
   SIGTERM: UserHandler in libjvm.so, mask=11100100010111111101111111111110, flags=SA_RESTART|SA_SIGINFO, blocked
   SIGQUIT: UserHandler in libjvm.so, mask=11100100010111111101111111111110, flags=SA_RESTART|SA_SIGINFO, blocked
   SIGTRAP: crash_handler in libjvm.so, mask=11100100010111111101111111111110, flags=SA_RESTART|SA_SIGINFO, unblocked


Compilation memory statistics disabled.

Periodic native trim disabled

---------------  S Y S T E M  ---------------

OS:
DISTRIB_ID="Arch"
DISTRIB_RELEASE="rolling"
DISTRIB_DESCRIPTION="Arch Linux"
uname: Linux 7.0.9-arch2-1 #1 SMP PREEMPT_DYNAMIC Fri, 22 May 2026 19:25:09 +0000 x86_64
OS uptime: 0 days 7:17 hours
libc: glibc 2.43 NPTL 2.43 
rlimit (soft/hard): STACK 8192k/infinity , CORE infinity/infinity , NPROC 60605/60605 , NOFILE 524288/524288 , AS infinity/infinity , CPU infinity/infinity , DATA infinity/infinity , FSIZE infinity/infinity , MEMLOCK 8192k/8192k
load average: 4.81 3.04 2.62

/proc/meminfo:
MemTotal:       15767100 kB
MemFree:          300688 kB
MemAvailable:    5102532 kB
Buffers:          100940 kB
Cached:          5150984 kB
SwapCached:            0 kB
Active:          9168448 kB
Inactive:        3753368 kB
Active(anon):    7479356 kB
Inactive(anon):   515612 kB
Active(file):    1689092 kB
Inactive(file):  3237756 kB
Unevictable:      301540 kB
Mlocked:             268 kB
SwapTotal:       4194300 kB
SwapFree:        4180412 kB
Zswap:             13888 kB
Zswapped:          13888 kB
Dirty:            156124 kB
Writeback:             0 kB
AnonPages:       7589268 kB
Mapped:          2443844 kB
Shmem:            307268 kB
KReclaimable:     207564 kB
Slab:             367304 kB
SReclaimable:     207564 kB
SUnreclaim:       159740 kB
KernelStack:       26224 kB
PageTables:        48828 kB
SecPageTables:      4288 kB
NFS_Unstable:          0 kB
Bounce:                0 kB
WritebackTmp:          0 kB
CommitLimit:    12077848 kB
Committed_AS:   15119148 kB
VmallocTotal:   34359738367 kB
VmallocUsed:      130504 kB
VmallocChunk:          0 kB
Percpu:            11840 kB
HardwareCorrupted:     0 kB
AnonHugePages:   3209216 kB
ShmemHugePages:   172032 kB
ShmemPmdMapped:   163840 kB
FileHugePages:   1468416 kB
FilePmdMapped:    624640 kB
CmaTotal:              0 kB
CmaFree:               0 kB
Unaccepted:            0 kB
Balloon:               0 kB
HugePages_Total:       0
HugePages_Free:        0
HugePages_Rsvd:        0
HugePages_Surp:        0
Hugepagesize:       2048 kB
Hugetlb:               0 kB
DirectMap4k:     1832440 kB
DirectMap2M:    14338048 kB
DirectMap1G:           0 kB

/sys/kernel/mm/transparent_hugepage/enabled: [always] madvise never
/sys/kernel/mm/transparent_hugepage/hpage_pmd_size: 2097152
/sys/kernel/mm/transparent_hugepage/shmem_enabled: always [within_size] advise never deny force
/sys/kernel/mm/transparent_hugepage/defrag (defrag/compaction efforts parameter): always defer defer+madvise [madvise] never

Process Memory:
Virtual Size: 6024416K (peak: 6089952K)
Resident Set Size: 467576K (peak: 467576K) (anon: 439160K, file: 28384K, shmem: 32K)
Swapped out: 0K
C-Heap outstanding allocations: 108586K, retained: 65485K
glibc malloc tunables: (default)

/proc/sys/kernel/threads-max (system-wide limit on the number of threads): 121211
/proc/sys/vm/max_map_count (maximum number of memory map areas a process may have): 1048576
/proc/sys/vm/swappiness (control to define how aggressively the kernel swaps out anonymous memory): 60
/proc/sys/kernel/pid_max (system-wide limit on number of process identifiers): 4194304

container information not found.
Steal ticks since vm start: 0
Steal ticks percentage since vm start:  0.000

CPU: total 16 (initial active 16) (8 cores per cpu, 2 threads per core) family 23 model 96 stepping 1 microcode 0x8600106, cx8, cmov, fxsr, ht, mmx, 3dnowpref, sse, sse2, sse3, ssse3, sse4a, sse4.1, sse4.2, popcnt, lzcnt, tsc, tscinvbit, avx, avx2, aes, clmul, bmi1, bmi2, adx, sha, fma, vzeroupper, clflush, clflushopt, clwb, rdtscp, rdpid, f16c
CPU Model and flags from /proc/cpuinfo:
model name	: AMD Ryzen 7 4800H with Radeon Graphics
flags		: fpu vme de pse tsc msr pae mce cx8 apic sep mtrr pge mca cmov pat pse36 clflush mmx fxsr sse sse2 ht syscall nx mmxext fxsr_opt pdpe1gb rdtscp lm constant_tsc rep_good nopl xtopology nonstop_tsc cpuid extd_apicid aperfmperf rapl pni pclmulqdq monitor ssse3 fma cx16 sse4_1 sse4_2 movbe popcnt aes xsave avx f16c rdrand lahf_lm cmp_legacy svm extapic cr8_legacy abm sse4a misalignsse 3dnowprefetch osvw ibs skinit wdt tce topoext perfctr_core perfctr_nb bpext perfctr_llc mwaitx cpb cat_l3 cdp_l3 hw_pstate ssbd mba ibrs ibpb stibp vmmcall fsgsbase bmi1 avx2 smep bmi2 cqm rdt_a rdseed adx smap clflushopt clwb sha_ni xsaveopt xsavec xgetbv1 cqm_llc cqm_occup_llc cqm_mbm_total cqm_mbm_local clzero irperf xsaveerptr rdpru wbnoinvd cppc arat npt lbrv svm_lock nrip_save tsc_scale vmcb_clean flushbyasid decodeassists pausefilter pfthreshold avic v_vmsave_vmload vgif v_spec_ctrl umip rdpid overflow_recov succor smca

Online cpus: 0-15
Offline cpus: 
BIOS frequency limitation: <Not Available>
Frequency switch latency (ns): 0
Available cpu frequencies: <Not Available>
Current governor: powersave
Core performance/turbo boost: 1

Memory: 4k page, physical 15767100k(5102532k free), swap 4194300k(4180412k free)
Page Sizes: 4k

vm_info: OpenJDK 64-Bit Server VM (26+35-2893) for linux-amd64 JRE (26+35-2893), built on 2026-02-12T17:04:02Z with gcc 14.2.0

END.
